Region,CBSA Code,Pop Density,1990,1991,1992,1993,1994,1995,1996,1997,1998,1999,2000,2001,2002,2003,2004,2005,2006,2007,2008,2009,2010,2011,2012,2013,2014,2015,2016,2017
NY-NYC,35620,"9,261.47","8,230,963","7,975,111","7,832,419","7,847,625","7,940,861","8,040,477","8,207,411","8,422,222","8,558,626","8,698,227","8,799,276","8,792,113","8,746,683","8,722,420","8,868,772","9,041,419","9,150,840","9,209,512","9,260,954","8,964,855","8,939,117","8,968,186","9,050,359","9,134,792","9,291,397","9,456,722","9,523,594","9,659,191"
NY-NYC Suburban,35620,299.94,"496,011","488,149","479,282","480,426","486,151","497,080","513,455","528,049","532,751","542,377","571,500","576,713","584,089","588,044","595,728","605,452","614,281","615,365","617,260","597,328","585,419","582,793","583,492","583,369","588,626","595,542","598,601","603,454"
NY-NYC Urban,35620,12058.95,"7,734,952","7,486,962","7,353,137","7,367,199","7,454,710","7,543,397","7,693,956","7,894,173","8,025,875","8,155,850","8,227,776","8,215,400","8,162,594","8,134,376","8,273,044","8,435,967","8,536,559","8,594,147","8,643,694","8,367,527","8,353,698","8,385,393","8,466,867","8,551,423","8,702,771","8,861,180","8,924,993","9,055,737"
CA-LA,31080,3113.65,"5,538,817","5,364,533","5,245,428","5,146,641","5,150,322","5,188,655","5,251,041","5,445,480","5,619,635","5,727,923","5,855,725","5,923,637","5,880,453","5,882,405","5,948,080","6,051,809","6,121,036","6,158,479","6,084,764","5,796,869","5,689,712","5,734,334","5,817,662","5,944,431","6,079,645","6,186,181","6,316,785","6,445,841"
CA-LA Suburban,31080,0, -   , -   , -   , -   , -   , -   , -   , -   , -   , -   , -   , -   , -   , -   , -   , -   , -   , -   , -   , -   , -   , -   , -   , -   , -   , -   , -   , -   
CA-LA Urban,31080,3113.65,"5,538,817","5,364,533","5,245,428","5,146,641","5,150,322","5,188,655","5,251,041","5,445,480","5,619,635","5,727,923","5,855,725","5,923,637","5,880,453","5,882,405","5,948,080","6,051,809","6,121,036","6,158,479","6,084,764","5,796,869","5,689,712","5,734,334","5,817,662","5,944,431","6,079,645","6,186,181","6,316,785","6,445,841"
IL-Chicago,16980,"1,314.16","4,011,178","3,954,544","3,988,698","4,053,936","4,174,780","4,265,346","4,318,892","4,375,965","4,420,386","4,514,237","4,559,774","4,509,291","4,368,814","4,344,275","4,375,317","4,422,922","4,565,086","4,644,985","4,599,924","4,380,851","4,358,423","4,378,217","4,438,862","4,456,355","4,531,885","4,598,815","4,639,861","4,670,693"
IL-Chicago Suburban,16980,482.93,"615,072","617,865","633,056","656,348","687,029","725,066","750,524","767,808","789,331","820,205","853,326","866,195","865,536","886,006","918,248","948,102","1,001,559","1,031,507","1,031,367","986,646","955,193","962,526","975,055","978,074","996,879","1,015,852","1,024,655","1,037,302"
IL-Chicago Urban,16980,"2,810.36","3,396,106","3,336,679","3,355,642","3,397,588","3,487,751","3,540,280","3,568,368","3,608,157","3,631,055","3,694,032","3,706,448","3,643,096","3,503,278","3,458,269","3,457,069","3,474,820","3,563,527","3,613,478","3,568,557","3,394,205","3,403,230","3,415,691","3,463,807","3,478,281","3,535,006","3,582,963","3,615,206","3,633,391"
TX-Dallas,19100,696.73,"2,183,945","2,181,233","2,205,277","2,257,060","2,336,110","2,401,437","2,478,006","2,573,896","2,644,959","2,726,834","2,771,958","2,783,449","2,757,964","2,758,848","2,806,821","2,866,914","2,936,864","2,974,885","2,992,925","2,938,619","3,034,170","3,119,142","3,195,171","3,267,121","3,352,342","3,425,871","3,542,856","3,657,045"
TX-Dallas Suburban,19100,309.52,"488,874","494,410","509,049","531,160","564,255","592,972","627,398","670,469","706,054","747,872","799,036","822,043","833,269","851,907","883,320","920,067","960,335","988,821","1,004,268","993,374","1,027,398","1,059,734","1,087,321","1,118,974","1,160,807","1,202,961","1,248,977","1,304,423"
TX-Dallas Urban,19100,"1,987.43","1,695,071","1,686,823","1,696,228","1,725,900","1,771,855","1,808,465","1,850,608","1,903,427","1,938,905","1,978,962","1,972,922","1,961,406","1,924,695","1,906,941","1,923,501","1,946,847","1,976,529","1,986,064","1,988,657","1,945,245","2,006,772","2,059,408","2,107,850","2,148,147","2,191,535","2,222,910","2,293,879","2,352,622"
TX-Houston,26420,708.57,"1,928,427","1,961,994","1,981,470","2,014,052","2,059,880","2,102,519","2,132,027","2,189,267","2,260,632","2,282,259","2,282,359","2,317,521","2,346,876","2,365,870","2,396,749","2,447,949","2,527,615","2,589,336","2,638,975","2,617,092","2,724,782","2,803,641","2,906,813","2,995,361","3,074,574","3,097,921","3,115,187","3,161,384"
TX-Houston Suburban,26420,285.21,"367,241","379,510","385,950","398,101","409,913","420,278","427,510","438,333","452,206","458,202","482,535","494,005","506,524","517,052","530,552","547,851","560,481","576,357","593,064","589,856","624,437","643,290","667,979","692,630","716,569","727,545","731,304","750,134"
TX-Houston Urban,26420,"2,190.30","1,561,186","1,582,484","1,595,520","1,615,951","1,649,967","1,682,241","1,704,517","1,750,934","1,808,426","1,824,057","1,799,824","1,823,516","1,840,352","1,848,818","1,866,197","1,900,098","1,967,134","2,012,979","2,045,911","2,027,236","2,100,345","2,160,351","2,238,834","2,302,731","2,358,005","2,370,376","2,383,883","2,411,250"
MD-DC-VA,47900,"2,610.65","2,318,227","2,312,557","2,331,562","2,339,722","2,396,689","2,407,095","2,398,674","2,419,072","2,468,369","2,540,198","2,622,299","2,645,479","2,659,121","2,682,627","2,729,744","2,803,967","2,867,910","2,905,565","2,946,321","2,893,545","2,950,675","3,002,209","3,047,895","3,075,647","3,097,435","3,127,737","3,186,599","3,262,831"
MD-DC-VA Suburban,47900,385.53,"335,770","341,590","351,508","359,527","377,463","389,374","398,917","409,892","426,414","444,376","475,940","492,740","507,779","526,573","549,264","577,409","600,633","612,882","624,801","610,036","606,167","618,523","625,473","632,306","639,650","647,348","658,818","681,310"
MD-DC-VA Urban,47900,"4,493.44","1,982,457","1,970,967","1,980,054","1,980,195","2,019,226","2,017,721","1,999,757","2,009,180","2,041,955","2,095,822","2,146,359","2,152,739","2,151,342","2,156,054","2,180,480","2,226,558","2,267,277","2,292,683","2,321,520","2,283,509","2,344,508","2,383,686","2,422,422","2,443,341","2,457,785","2,480,389","2,527,781","2,581,521"
PA-Philadelphia,37980,"2,148.24","2,613,900","2,566,129","2,542,310","2,548,708","2,575,008","2,588,257","2,638,147","2,692,372","2,725,852","2,744,803","2,738,839","2,750,458","2,738,962","2,724,568","2,743,368","2,778,245","2,816,438","2,832,642","2,848,034","2,748,764","2,755,208","2,769,630","2,792,073","2,803,326","2,838,879","2,891,463","2,934,124","2,945,307"
PA-Philadelphia Suburban,37980,522.6,"573,460","572,552","565,358","567,039","578,903","593,781","614,749","633,545","644,762","654,383","647,894","651,132","659,119","664,108","679,363","694,451","708,535","712,948","717,393","692,905","680,398","682,156","685,955","688,576","693,046","705,196","713,913","718,666"
PA-Philadelphia Urban,37980,"3,502.93","2,040,440","1,993,577","1,976,952","1,981,669","1,996,105","1,994,476","2,023,398","2,058,827","2,081,090","2,090,420","2,090,945","2,099,326","2,079,843","2,060,460","2,064,005","2,083,794","2,107,903","2,119,694","2,130,641","2,055,859","2,074,810","2,087,474","2,106,118","2,114,750","2,145,833","2,186,267","2,220,211","2,226,641"
FL-Miami,33100,"1,143.53","1,939,015","1,917,447","1,929,187","1,987,277","2,053,387","2,098,980","2,151,975","2,221,725","2,264,275","2,295,897","2,389,307","2,434,543","2,419,820","2,441,076","2,509,629","2,612,500","2,708,061","2,750,839","2,706,077","2,524,516","2,505,589","2,585,900","2,667,714","2,724,308","2,799,758","2,831,252","2,903,183","2,999,058"
FL-Miami Suburban,33100,670.2,"402,576","400,981","401,802","413,471","427,601","436,254","451,078","469,560","486,773","498,879","518,667","538,842","544,442","551,385","566,247","578,769","596,415","598,221","585,947","549,671","574,890","587,173","604,549","623,968","645,048","655,074","676,285","694,979"
FL-Miami Urban,33100,"1,380.20","1,536,439","1,516,466","1,527,385","1,573,806","1,625,786","1,662,726","1,700,897","1,752,165","1,777,502","1,797,018","1,870,640","1,895,701","1,875,378","1,889,691","1,943,382","2,033,731","2,111,646","2,152,618","2,120,130","1,974,845","1,930,699","1,998,727","2,063,165","2,100,340","2,154,710","2,176,178","2,226,898","2,304,079"
GA-Atlanta,12060,666.38,"1,626,482","1,627,393","1,662,579","1,736,273","1,827,085","1,892,304","1,984,534","2,076,565","2,173,226","2,244,468","2,298,990","2,329,894","2,324,881","2,347,175","2,382,161","2,445,674","2,538,144","2,618,826","2,606,824","2,452,059","2,440,040","2,486,895","2,545,478","2,573,040","2,620,912","2,684,067","2,788,478","2,896,739"
GA-Atlanta Suburban,12060,302,"377,799","382,418","393,336","412,442","439,778","462,197","493,682","527,204","561,899","590,936","609,334","626,550","637,355","654,507","674,120","704,885","735,361","766,895","772,303","728,091","741,458","751,649","764,080","774,127","790,147","810,643","842,410","880,293"
GA-Atlanta Urban,12060,"1,811.57","1,248,683","1,244,975","1,269,243","1,323,831","1,387,307","1,430,107","1,490,852","1,549,361","1,611,327","1,653,532","1,689,656","1,703,344","1,687,526","1,692,668","1,708,041","1,740,789","1,802,783","1,851,931","1,834,521","1,723,968","1,698,582","1,735,246","1,781,398","1,798,913","1,830,765","1,873,424","1,946,068","2,016,446"
MA-Boston,14460,"3,493.13","2,130,903","2,070,266","2,061,086","2,088,415","2,129,794","2,166,879","2,210,420","2,266,593","2,308,154","2,332,755","2,294,519","2,304,882","2,285,557","2,261,867","2,257,913","2,262,546","2,284,178","2,310,027","2,314,100","2,265,312","2,288,581","2,312,051","2,340,785","2,362,452","2,415,877","2,461,399","2,503,649","2,551,153"
MA-Boston Suburban,14460,503.2,"399,077","388,074","387,539","398,213","410,942","417,138","424,482","436,965","444,946","459,221","457,970","461,648","461,856","463,317","468,725","473,937","475,276","480,277","480,173","469,950","466,601","469,157","473,205","477,659","485,922","494,752","503,984","510,271"
MA-Boston Urban,14460,"5,735.58","1,731,826","1,682,192","1,673,547","1,690,202","1,718,852","1,749,741","1,785,938","1,829,628","1,863,208","1,873,534","1,836,549","1,843,234","1,823,701","1,798,550","1,789,188","1,788,609","1,808,902","1,829,750","1,833,927","1,795,362","1,821,980","1,842,894","1,867,580","1,884,793","1,929,955","1,966,647","1,999,665","2,040,882"
CA-San Francisco,41860,"4,555.06","1,950,685","1,907,797","1,897,465","1,898,203","1,913,979","1,908,227","1,944,178","2,004,329","2,043,975","2,084,031","2,207,277","2,186,081","2,103,900","2,051,116","2,040,352","2,043,848","2,064,760","2,097,061","2,113,688","2,040,529","2,090,454","2,131,881","2,205,840","2,258,012","2,319,136","2,387,802","2,447,427","2,489,695"
CA-San Francisco Suburban,41860,485.1,"128,558","125,664","123,977","124,103","123,318","122,050","124,237","127,076","129,628","131,495","137,867","135,077","128,032","124,287","123,465","124,094","125,967","127,083","125,973","122,061","122,570","124,801","128,310","131,226","133,129","134,587","136,492","137,270"
CA-San Francisco Urban,41860,"5,572.55","1,822,127","1,782,133","1,773,488","1,774,100","1,790,661","1,786,177","1,819,941","1,877,253","1,914,347","1,952,536","2,069,410","2,051,004","1,975,868","1,926,829","1,916,887","1,919,754","1,938,793","1,969,978","1,987,715","1,918,468","1,967,884","2,007,080","2,077,530","2,126,786","2,186,007","2,253,215","2,310,935","2,352,425"
AZ-Phoenix,38060,242.45,"1,109,747","1,101,590","1,115,317","1,173,381","1,272,653","1,371,637","1,429,444","1,469,760","1,538,200","1,596,351","1,612,861","1,654,154","1,689,352","1,731,698","1,787,195","1,863,495","1,949,494","1,988,441","1,977,892","1,898,566","1,874,006","1,867,553","1,893,342","1,922,151","1,988,163","2,063,273","2,136,132","2,206,218"
AZ-Phoenix Suburban,38060,242.45,"1,109,747","1,101,590","1,115,317","1,173,381","1,272,653","1,371,637","1,429,444","1,469,760","1,538,200","1,596,351","1,612,861","1,654,154","1,689,352","1,731,698","1,787,195","1,863,495","1,949,494","1,988,441","1,977,892","1,898,566","1,874,006","1,867,553","1,893,342","1,922,151","1,988,163","2,063,273","2,136,132","2,206,218"
AZ-Phoenix Urban,38060,0, -   , -   , -   , -   , -   , -   , -   , -   , -   , -   , -   , -   , -   , -   , -   , -   , -   , -   , -   , -   , -   , -   , -   , -   , -   , -   , -   , -   
CA-Riverside,40140,202.65,"1,097,513","1,085,917","1,112,978","1,121,445","1,146,472","1,171,143","1,196,640","1,248,661","1,294,948","1,365,051","1,349,142","1,395,315","1,438,110","1,478,042","1,550,454","1,614,040","1,655,494","1,661,485","1,626,145","1,544,955","1,611,175","1,623,801","1,662,671","1,706,898","1,764,551","1,828,418","1,870,214","1,921,774"
CA-Riverside Suburban,40140,202.65,"1,097,513","1,085,917","1,112,978","1,121,445","1,146,472","1,171,143","1,196,640","1,248,661","1,294,948","1,365,051","1,349,142","1,395,315","1,438,110","1,478,042","1,550,454","1,614,040","1,655,494","1,661,485","1,626,145","1,544,955","1,611,175","1,623,801","1,662,671","1,706,898","1,764,551","1,828,418","1,870,214","1,921,774"
CA-Riverside Urban,40140,0, -   , -   , -   , -   , -   , -   , -   , -   , -   , -   , -   , -   , -   , -   , -   , -   , -   , -   , -   , -   , -   , -   , -   , -   , -   , -   , -   , -   
MI-Detroit,19820,"1,163.87","1,945,608","1,909,926","1,953,316","2,004,116","2,047,001","2,062,849","2,107,976","2,136,416","2,173,025","2,205,141","2,216,021","2,140,264","2,068,217","2,053,355","2,050,260","2,055,031","2,033,510","1,998,782","1,931,466","1,791,240","1,772,626","1,773,703","1,804,160","1,831,634","1,862,131","1,904,783","1,955,607","2,017,559"
MI-Detroit Suburban,19820,289.4,"157,501","157,196","163,839","168,850","174,102","177,090","182,795","187,553","194,166","200,165","216,165","210,513","207,109","208,195","209,880","212,620","211,391","207,391","199,584","183,901","183,121","183,382","185,967","188,899","191,950","196,852","202,213","208,616"
MI-Detroit Urban,19820,"2,038.33","1,788,107","1,752,730","1,789,477","1,835,266","1,872,899","1,885,759","1,925,181","1,948,863","1,978,859","2,004,976","1,999,856","1,929,751","1,861,108","1,845,160","1,840,380","1,842,411","1,822,119","1,791,391","1,731,882","1,607,339","1,589,505","1,590,321","1,618,193","1,642,735","1,670,181","1,707,931","1,753,394","1,808,943"
WA-Seattle,42660,577,"1,329,423","1,325,011","1,359,356","1,379,009","1,397,764","1,423,926","1,469,136","1,543,621","1,584,317","1,596,413","1,584,031","1,568,410","1,547,438","1,558,402","1,597,327","1,643,548","1,701,039","1,750,451","1,774,926","1,729,235","1,705,969","1,716,567","1,759,506","1,800,193","1,840,556","1,878,525","1,935,206","1,983,539"
WA-Seattle Suburban,42660,577,"1,329,423","1,325,011","1,359,356","1,379,009","1,397,764","1,423,926","1,469,136","1,543,621","1,584,317","1,596,413","1,584,031","1,568,410","1,547,438","1,558,402","1,597,327","1,643,548","1,701,039","1,750,451","1,774,926","1,729,235","1,705,969","1,716,567","1,759,506","1,800,193","1,840,556","1,878,525","1,935,206","1,983,539"
WA-Seattle Urban,42660,0, -   , -   , -   , -   , -   , -   , -   , -   , -   , -   , -   , -   , -   , -   , -   , -   , -   , -   , -   , -   , -   , -   , -   , -   , -   , -   , -   , -   
MI-Minneapolis,33460,600.19,"1,445,536","1,451,753","1,480,285","1,510,015","1,555,952","1,597,518","1,624,383","1,656,680","1,691,372","1,724,545","1,741,965","1,745,701","1,735,903","1,745,211","1,758,041","1,774,937","1,782,752","1,786,475","1,779,272","1,731,075","1,733,642","1,761,726","1,782,425","1,809,215","1,834,025","1,849,531","1,869,430","1,927,949"
MI-Minneapolis Suburban,33460,298.56,"592,001","603,184","625,312","648,173","677,365","703,849","728,441","751,726","775,638","799,888","814,990","826,409","833,746","849,392","866,714","885,585","898,280","897,918","897,078","872,534","878,413","891,084","899,851","912,150","924,454","932,422","942,566","972,400"
MI-Minneapolis Urban,33460,"2,711.65","853,535","848,569","854,973","861,842","878,587","893,669","895,942","904,954","915,734","924,657","926,975","919,292","902,157","895,819","891,327","889,352","884,472","888,557","882,194","858,541","855,229","870,642","882,574","897,065","909,571","917,109","926,864","955,549"
CA-San Diego ,41740,735.8,"1,158,861","1,131,580","1,126,344","1,123,927","1,139,889","1,145,883","1,170,788","1,220,537","1,265,969","1,308,725","1,323,166","1,349,524","1,369,228","1,382,273","1,408,922","1,425,706","1,436,821","1,446,347","1,452,608","1,408,347","1,352,266","1,367,250","1,399,879","1,422,492","1,444,464","1,474,351","1,496,954","1,521,190"
CA-San Diego Suburban,41740,735.8,"1,158,861","1,131,580","1,126,344","1,123,927","1,139,889","1,145,883","1,170,788","1,220,537","1,265,969","1,308,725","1,323,166","1,349,524","1,369,228","1,382,273","1,408,922","1,425,706","1,436,821","1,446,347","1,452,608","1,408,347","1,352,266","1,367,250","1,399,879","1,422,492","1,444,464","1,474,351","1,496,954","1,521,190"
CA-San Diego Urban,41740, -   , -   , -   , -   , -   , -   , -   , -   , -   , -   , -   , -   , -   , -   , -   , -   , -   , -   , -   , -   , -   , -   , -   , -   , -   , -   , -   , -   , -   
FL-Tampa Bay,45300,"1,385.05","973,284","958,748","969,328","1,000,138","1,051,366","1,077,215","1,094,151","1,136,817","1,177,731","1,211,316","1,159,034","1,162,603","1,151,758","1,161,021","1,204,541","1,208,734","1,241,019","1,243,766","1,218,319","1,152,898","1,231,313","1,259,341","1,294,705","1,321,939","1,348,427","1,365,002","1,407,471","1,451,732"
FL-Tampa Bay Suburban,45300,493.9,"136,475","135,445","137,523","143,702","153,485","158,953","164,311","171,528","178,938","185,150","192,070","195,574","197,295","203,436","217,206","224,169","236,990","241,610","240,051","226,072","240,057","242,272","249,105","254,481","259,962","264,018","272,285","283,599"
FL-Tampa Bay Urban,45300,"2,276.20","836,809","823,303","831,805","856,436","897,881","918,262","929,840","965,289","998,793","1,026,166","966,964","967,029","954,463","957,585","987,335","984,565","1,004,029","1,002,156","978,268","926,826","991,256","1,017,069","1,045,600","1,067,458","1,088,465","1,100,984","1,135,186","1,168,133"
CO-Denver,19740,"1,035.60","896,386","909,861","926,333","971,460","1,029,919","1,071,797","1,078,511","1,120,107","1,167,359","1,193,043","1,208,565","1,194,312","1,182,874","1,203,957","1,227,451","1,246,648","1,280,204","1,307,213","1,324,496","1,288,463","1,299,725","1,312,331","1,336,233","1,371,547","1,420,231","1,454,044","1,493,040","1,546,996"
CO-Denver Suburban,19740,203.17,"364,945","373,070","381,242","399,817","425,257","443,356","446,136","462,513","483,895","494,647","485,213","480,447","479,566","490,237","501,637","511,826","527,234","534,122","541,391","528,038","529,253","534,332","543,470","557,526","577,736","590,966","607,095","628,076"
CO-Denver Urban,19740,"2,284.25","531,441","536,791","545,091","571,643","604,662","628,441","632,375","657,594","683,464","698,396","723,352","713,865","703,308","713,720","725,814","734,822","752,970","773,091","783,105","760,425","770,472","777,999","792,763","814,021","842,495","863,078","885,945","918,920"
MO-St Louis,41180,"1,009.92","1,255,691","1,244,160","1,240,362","1,246,080","1,285,016","1,316,582","1,333,678","1,327,574","1,326,241","1,331,314","1,360,090","1,356,494","1,351,054","1,346,109","1,338,474","1,347,532","1,365,794","1,364,045","1,339,194","1,289,783","1,336,380","1,350,238","1,349,301","1,344,283","1,369,235","1,400,682","1,414,425","1,403,804"
MO-St Louis Suburban,41180,275.73,"429,406","423,683","426,487","432,384","443,745","454,957","466,695","476,143","480,132","486,670","500,500","498,668","498,529","500,286","504,630","519,073","534,577","540,225","532,529","512,164","533,612","539,029","536,802","533,673","544,428","557,043","563,367","564,770"
MO-St Louis Urban,41180,"2,478.30","826,285","820,477","813,875","813,696","841,271","861,625","866,983","851,431","846,109","844,644","859,590","857,826","852,525","845,823","833,844","828,459","831,217","823,820","806,665","777,619","802,768","811,209","812,499","810,610","824,807","843,639","851,058","839,034"
MA-Baltimore,12580,"1,788.54","1,186,573","1,166,791","1,167,731","1,184,193","1,192,849","1,209,061","1,222,189","1,238,394","1,237,925","1,248,717","1,276,152","1,284,730","1,284,640","1,285,369","1,287,972","1,306,160","1,331,640","1,342,440","1,345,519","1,316,163","1,309,166","1,328,774","1,349,667","1,360,689","1,372,186","1,396,958","1,418,699","1,436,175"
MA-Baltimore Suburban,12580,354,"176,834","176,632","179,846","183,804","188,205","193,914","199,675","205,373","207,614","211,909","219,371","222,522","226,256","228,922","231,522","237,108","243,744","243,786","244,953","239,305","232,960","236,108","238,938","239,471","240,685","244,190","247,846","251,111"
MA-Baltimore Urban,12580,"2,864.45","1,009,739","990,159","987,885","1,000,389","1,004,644","1,015,147","1,022,514","1,033,021","1,030,311","1,036,808","1,056,781","1,062,208","1,058,384","1,056,447","1,056,450","1,069,052","1,087,896","1,098,654","1,100,566","1,076,858","1,076,206","1,092,666","1,110,729","1,121,218","1,131,501","1,152,768","1,170,853","1,185,064"
SC-Charlotte,16740,"1,069.36","724,206","717,265","726,499","748,182","774,268","795,241","825,052","848,261","858,572","890,554","907,432","910,564","903,299","917,521","924,669","946,471","992,933","1,015,146","1,017,246","962,926","1,007,365","1,031,207","1,065,187","1,090,236","1,129,096","1,172,573","1,221,703","1,259,286"
SC-Charlotte Suburban,16740,465.25,"389,113","384,290","389,210","398,419","409,567","417,486","428,866","438,223","442,538","457,107","456,319","451,008","446,147","451,079","454,288","462,475","482,010","491,039","487,639","460,616","467,505","475,326","487,519","496,124","512,141","530,889","552,466","568,661"
SC-Charlotte Urban,16740,"3,485.80","335,093","332,975","337,289","349,763","364,701","377,755","396,186","410,038","416,034","433,447","451,113","459,556","457,152","466,442","470,381","483,996","510,923","524,107","529,607","502,310","539,860","555,881","577,668","594,112","616,955","641,684","669,237","690,625"
FL-Orlando,36740,"1,740.68","649,992","646,857","666,146","692,953","722,481","746,275","773,408","813,985","852,993","890,139","866,724","875,348","864,129","885,436","925,588","979,207","1,027,465","1,056,201","1,050,969","990,325","1,011,145","1,031,839","1,064,895","1,096,586","1,132,188","1,156,895","1,198,070","1,253,854"
FL-Orlando Suburban,36740,202.4,"56,163","57,236","59,283","62,313","65,197","68,820","72,492","76,528","80,791","85,348","86,592","89,394","91,003","96,488","104,334","111,999","120,750","127,164","129,094","123,212","120,253","124,469","129,979","136,118","142,484","148,075","153,357","162,768"
FL-Orlando Urban,36740,"2,253.43","593,829","589,621","606,863","630,640","657,284","677,455","700,916","737,457","772,202","804,791","780,132","785,954","773,126","788,948","821,254","867,208","906,715","929,037","921,875","867,113","890,892","907,370","934,916","960,468","989,704","1,008,820","1,044,713","1,091,086"
TX-San Antonio,41700,351.55,"623,294","632,174","658,451","684,186","711,094","733,744","746,264","766,810","777,547","797,199","787,869","795,000","806,953","816,549","830,277","849,881","873,894","885,352","901,024","901,498","943,771","965,022","987,376","1,012,156","1,036,919","1,060,487","1,093,137","1,125,240"
TX-San Antonio Suburban,41700,204.19,"100,754","103,710","107,846","114,091","120,895","127,543","132,356","137,521","141,698","148,633","151,774","154,945","158,454","161,857","166,336","172,201","179,430","181,883","187,133","189,085","190,458","194,883","200,162","206,001","212,283","217,829","224,112","232,963"
TX-San Antonio Urban,41700,"1,383.10","522,540","528,464","550,605","570,095","590,199","606,201","613,908","629,289","635,849","648,566","636,095","640,055","648,499","654,692","663,941","677,680","694,464","703,469","713,891","712,413","753,313","770,139","787,214","806,155","824,636","842,658","869,025","892,277"
OR-Portland,38900,555.2,"808,171","816,522","828,233","859,020","904,418","935,620","965,701","1,001,044","1,020,195","1,030,110","1,031,816","1,017,735","1,002,922","996,601","1,007,483","1,029,285","1,061,879","1,087,985","1,099,219","1,055,193","1,084,124","1,105,838","1,103,186","1,094,329","1,125,802","1,164,833","1,215,889","1,259,175"
OR-Portland Suburban,38900,363.58,"505,012","508,558","515,729","538,358","571,502","597,254","623,112","650,826","668,138","677,842","668,298","661,412","655,394","654,596","670,704","690,798","714,030","727,304","733,697","703,307","705,613","716,544","715,601","711,385","731,156","756,288","788,638","818,630"
OR-Portland Urban,38900,"1,704.90","303,159","307,964","312,504","320,662","332,916","338,366","342,589","350,218","352,057","352,268","363,518","356,323","347,528","342,005","336,779","338,487","347,849","360,681","365,522","351,886","378,511","389,294","387,585","382,944","394,646","408,545","427,251","440,545"
PA-Pittsburgh,38300,727.31,"1,090,370","1,090,778","1,102,922","1,109,962","1,111,417","1,115,106","1,132,665","1,147,256","1,151,652","1,156,043","1,144,145","1,153,461","1,143,927","1,135,538","1,135,763","1,134,199","1,144,108","1,155,142","1,166,337","1,133,704","1,105,328","1,121,358","1,138,780","1,139,055","1,143,298","1,148,939","1,148,475","1,146,984"
PA-Pittsburgh Suburban,38300,474.56,"423,480","424,507","431,514","436,806","440,241","444,761","454,348","461,634","465,822","469,200","470,579","476,020","473,682","472,427","474,590","476,631","482,750","485,786","491,556","477,848","464,334","470,272","476,719","476,162","476,989","479,002","478,761","477,985"
PA-Pittsburgh Urban,38300,"1,359.20","666,890","666,271","671,408","673,156","671,176","670,345","678,317","685,622","685,830","686,843","673,566","677,441","670,245","663,111","661,173","657,568","661,358","669,356","674,781","655,856","640,994","651,086","662,061","662,893","666,309","669,937","669,714","668,999"
CA-Sacremento,40900,505.58,"714,005","709,875","707,817","709,388","732,291","741,380","756,721","776,733","800,327","835,775","870,966","893,392","911,897","927,224","943,678","962,619","974,940","980,957","971,039","937,064","920,064","921,612","939,883","955,890","972,156","994,187","1,017,260","1,032,973"
CA-Sacremento Suburban,40900,183.83,"215,681","217,423","222,325","223,442","238,088","243,420","250,203","256,838","263,694","278,838","288,181","297,514","305,800","313,135","321,481","331,115","337,930","341,882","340,756","330,994","323,072","323,929","330,192","336,010","341,455","349,249","357,151","363,504"
CA-Sacremento Urban,40900,"1,470.80","498,324","492,452","485,492","485,946","494,203","497,960","506,518","519,895","536,633","556,937","582,785","595,878","606,097","614,089","622,197","631,504","637,010","639,075","630,283","606,070","596,992","597,683","609,691","619,880","630,701","644,938","660,109","669,469"
OH-Cincinnati,17140,828.32,"902,895","898,944","901,183","907,207","921,448","936,386","951,238","975,568","988,849","1,001,548","1,000,471","999,752","998,305","1,007,923","1,017,813","1,029,587","1,045,701","1,059,008","1,054,420","1,007,648","987,499","989,922","996,559","1,001,736","1,015,314","1,025,307","1,036,806","1,060,310"
OH-Cincinnati Suburban,17140,402.46,"476,076","476,555","481,013","489,237","503,613","519,387","531,076","553,035","567,955","582,713","585,050","587,582","591,819","603,091","616,652","629,678","637,171","640,110","636,952","611,194","611,171","615,153","620,946","624,991","632,775","638,647","646,672","663,540"
OH-Cincinnati Urban,17140,"3,596.40","426,819","422,389","420,170","417,970","417,835","416,999","420,162","422,533","420,894","418,835","415,421","412,170","406,486","404,832","401,161","399,909","408,530","418,898","417,468","396,454","376,328","374,769","375,613","376,745","382,539","386,660","390,134","396,770"
NV-Las Vegas,29820,676.2,"397,738","416,645","430,649","456,199","495,389","521,786","562,418","604,672","637,114","676,433","698,877","725,947","737,054","759,476","793,008","833,919","881,109","908,308","915,147","856,495","848,573","863,498","886,972","908,105","938,467","967,963","987,211","1,016,396"
NV-Las Vegas Suburban,29820,676.2,"397,738","416,645","430,649","456,199","495,389","521,786","562,418","604,672","637,114","676,433","698,877","725,947","737,054","759,476","793,008","833,919","881,109","908,308","915,147","856,495","848,573","863,498","886,972","908,105","938,467","967,963","987,211","1,016,396"
NV-Las Vegas Urban,29820,0, -   , -   , -   , -   , -   , -   , -   , -   , -   , -   , -   , -   , -   , -   , -   , -   , -   , -   , -   , -   , -   , -   , -   , -   , -   , -   , -   , -   
MO-Kansas City,28140,383.94,"826,963","829,793","839,455","854,722","887,097","908,304","920,625","939,076","957,749","971,690","950,465","941,958","934,517","943,126","950,059","956,538","963,681","974,534","966,104","946,766","988,122","996,274","1,010,018","1,014,302","1,039,024","1,063,476","1,079,636","1,086,022"
MO-Kansas City Suburban,28140,188.3,"230,092","233,378","236,793","242,402","254,516","264,001","269,581","273,696","279,073","284,788","291,021","290,845","289,038","291,683","293,737","296,880","301,251","304,904","302,289","294,711","309,731","312,901","317,712","318,122","325,996","335,308","341,763","342,628"
MO-Kansas City Urban,28140,"1,101.30","596,871","596,415","602,662","612,320","632,581","644,303","651,044","665,380","678,676","686,902","659,444","651,113","645,479","651,443","656,322","659,658","662,430","669,630","663,815","652,055","678,391","683,373","692,306","696,180","713,028","728,168","737,873","743,394"
TX-Austin,12420,380.74,"454,725","468,319","495,993","527,538","561,843","591,879","614,368","634,548","661,137","693,960","716,710","718,832","713,586","718,724","737,792","761,991","789,403","813,256","827,538","825,072","865,462","897,490","931,583","968,054","1,002,077","1,033,619","1,074,349","1,116,938"
TX-Austin Suburban,12420,217.33,"136,134","140,585","149,455","160,805","174,916","187,135","200,344","211,507","224,315","240,833","239,408","246,883","252,608","259,703","270,249","282,404","295,032","303,237","313,170","314,258","328,802","341,306","352,975","368,966","384,925","401,445","417,264","439,108"
TX-Austin Urban,12420,"1,034.40","318,591","327,734","346,538","366,733","386,927","404,744","414,024","423,041","436,822","453,127","477,302","471,949","460,978","459,021","467,543","479,587","494,371","510,019","514,368","510,814","536,660","556,184","578,608","599,088","617,152","632,174","657,085","677,830"
OH-Cleveland,17460,"1,128.32","981,976","973,234","970,987","976,133","993,740","1,008,788","1,021,200","1,038,970","1,046,597","1,055,279","1,060,860","1,060,640","1,038,940","1,033,642","1,024,825","1,023,398","1,033,532","1,035,112","1,020,192","972,456","964,124","964,195","967,623","965,534","972,736","974,113","973,932","972,745"
OH-Cleveland Suburban,17460,418.67,"227,853","227,650","229,215","231,770","238,396","243,204","249,431","256,558","260,183","265,273","271,964","274,529","272,476","275,421","276,449","279,869","288,409","291,241","289,713","279,780","269,957","271,525","273,356","273,994","277,437","278,757","278,743","279,842"
OH-Cleveland Urban,17460,"2,192.80","754,123","745,584","741,772","744,363","755,344","765,584","771,769","782,412","786,414","790,006","788,896","786,111","766,464","758,221","748,376","743,529","745,123","743,871","730,479","692,676","694,167","692,670","694,267","691,540","695,299","695,356","695,189","692,903"
OH-Columbus,18140,"1,292.65","756,777","754,937","764,459","772,150","791,353","808,739","817,017","833,571","845,148","863,676","878,811","892,223","890,353","889,990","893,877","903,747","926,274","942,570","939,378","907,990","913,879","925,017","939,034","951,201","976,428","994,095","1,007,934","1,032,981"
OH-Columbus Suburban,18140,169.43,"136,518","135,352","136,913","138,901","142,890","145,776","147,343","147,656","147,689","150,101","159,287","160,879","160,189","159,774","160,523","162,477","166,251","166,825","165,315","158,455","163,418","164,134","165,225","165,629","168,547","169,943","172,321","175,266"
OH-Columbus Urban,18140,"2,977.48","620,259","619,585","627,546","633,249","648,463","662,963","669,674","685,915","697,459","713,575","719,524","731,344","730,164","730,216","733,354","741,270","760,023","775,745","774,063","749,535","750,461","760,883","773,809","785,572","807,881","824,152","835,613","857,715"
IN-Indianapolis,26900,850.68,"725,962","720,201","729,831","761,450","796,816","818,999","822,782","836,088","845,835","851,625","856,281","865,197","870,100","884,370","883,290","893,669","912,886","916,390","919,708","877,987","859,399","874,288","886,087","905,808","936,021","966,438","995,254","1,006,461"
IN-Indianapolis Suburban,26900,390.87,"191,180","189,460","193,029","202,118","213,049","219,889","221,505","226,079","229,614","232,397","230,007","232,544","235,327","239,745","240,471","244,148","248,953","247,348","248,868","238,043","233,658","236,963","238,954","243,648","251,388","259,394","267,065","270,042"
IN-Indianapolis Urban,26900,"1,655.35","534,782","530,741","536,802","559,332","583,767","599,110","601,277","610,009","616,221","619,228","626,274","632,653","634,773","644,625","642,819","649,521","663,933","669,042","670,840","639,944","625,741","637,325","647,133","662,160","684,633","707,044","728,189","736,419"
CA-San Jose,41940,710.4,"836,942","811,756","807,414","807,663","817,487","837,250","880,840","924,795","944,960","952,655","938,039","916,794","836,970","796,852","791,652","794,572","807,206","826,146","839,053","803,776","853,805","876,605","907,918","934,800","967,193","994,900","1,015,679","1,035,695"
CA-San Jose Suburban,41940,39.8,"18,391","17,821","18,119","18,698","19,192","19,786","21,794","23,203","23,352","24,100","25,822","25,697","23,954","22,974","22,682","22,526","22,433","22,269","22,435","21,392","23,691","24,179","24,936","25,698","26,502","27,090","27,774","28,552"
CA-San Jose Urban,41940,"1,381.00","818,551","793,935","789,295","788,965","798,295","817,464","859,046","901,592","921,608","928,555","912,217","891,097","813,016","773,878","768,970","772,046","784,773","803,877","816,618","782,384","830,114","852,426","882,982","909,102","940,691","967,810","987,905","1,007,143"
TN-Nashville,34980,260.77,"559,432","556,805","567,589","597,789","633,699","655,264","669,701","681,292","704,008","720,785","723,790","725,712","728,793","729,380","730,581","744,286","785,439","800,750","791,744","763,508","802,407","826,637","843,204","851,136","868,352","897,664","935,713","982,239"
TN-Nashville Suburban,34980,185.19,"294,326","297,104","305,667","325,679","349,415","364,195","376,424","386,493","404,604","420,243","424,820","429,529","436,072","439,805","444,028","456,026","486,198","487,821","485,395","469,180","487,938","502,925","511,745","517,455","529,472","548,989","572,210","604,785"
TN-Nashville Urban,34980,"1,243.30","265,106","259,701","261,922","272,110","284,284","291,069","293,277","294,799","299,404","300,542","298,970","296,183","292,721","289,575","286,553","288,260","299,241","312,929","306,349","294,328","314,469","323,712","331,459","333,681","338,880","348,675","363,503","377,454"
VA-Virginia Beach,47260,"1,245.99","652,267","665,486","675,399","673,366","682,578","690,881","689,265","701,802","717,331","720,966","709,104","720,552","730,220","735,598","743,738","760,770","775,834","787,986","792,418","760,676","770,605","778,241","781,750","789,996","797,424","792,173","796,400","813,384"
VA-Virginia Beach Suburban,47260,398.92,"186,398","193,586","197,935","202,250","209,694","217,604","222,462","230,671","238,677","242,801","228,693","235,635","241,169","246,642","253,179","263,989","273,158","275,686","279,082","268,259","265,105","268,150","269,807","273,290","277,580","277,399","278,796","286,822"
VA-Virginia Beach Urban,47260,"2,657.77","465,869","471,900","477,464","471,116","472,884","473,277","466,803","471,131","478,654","478,165","480,411","484,917","489,051","488,956","490,559","496,781","502,676","512,300","513,336","492,417","505,500","510,091","511,943","516,706","519,844","514,774","517,604","526,562"
RI-Providence,39300,"1,364.20","731,505","706,256","713,754","720,944","723,004","724,272","734,419","753,255","764,278","773,223","786,239","783,779","791,467","799,532","799,591","807,810","816,844","816,332","795,386","766,420","759,576","756,202","760,590","766,702","779,130","790,851","796,986","808,339"
RI-Providence Suburban,39300,842.3,"180,988","174,703","177,944","179,051","178,463","179,496","184,091","190,280","193,073","197,598","199,431","198,530","199,735","202,511","201,694","204,493","206,725","207,265","200,332","192,553","188,916","186,372","186,670","188,479","190,685","193,148","193,815","196,255"
RI-Providence Urban,39300,"1,886.10","550,517","531,553","535,810","541,893","544,541","544,776","550,328","562,975","571,205","575,625","586,808","585,249","591,732","597,021","597,897","603,317","610,119","609,067","595,054","573,867","570,660","569,830","573,920","578,223","588,445","597,703","603,171","612,084"
WI-Milwaukee,33340,"1,434.38","712,599","703,630","721,468","734,759","750,573","766,448","778,655","788,083","788,050","785,995","771,315","763,996","751,235","748,770","747,280","744,046","754,748","764,734","765,830","732,859","744,377","751,646","755,716","762,600","775,489","782,824","790,860","802,770"
WI-Milwaukee Suburban,33340,603.83,"259,261","260,025","271,023","280,730","292,103","303,411","312,995","319,180","322,790","325,881","317,419","316,869","314,268","315,613","317,585","318,657","325,714","322,237","323,185","309,361","315,543","318,382","320,304","323,327","329,335","332,889","336,385","343,788"
WI-Milwaukee Urban,33340,"3,926.00","453,338","443,605","450,445","454,029","458,470","463,037","465,660","468,903","465,260","460,114","453,896","447,127","436,967","433,157","429,695","425,389","429,034","442,497","442,645","423,498","428,834","433,264","435,412","439,273","446,154","449,935","454,475","458,982"
FL-Jacksonville,27260,"1,352.00","457,158","458,109","462,458","473,963","492,948","511,003","517,092","528,862","543,529","555,636","570,005","573,331","564,661","568,867","582,658","611,676","636,270","648,004","646,302","612,993","622,208","633,405","646,370","659,391","671,696","680,930","699,531","732,140"
FL-Jacksonville Suburban,27260,307.1,"101,269","102,695","104,941","109,630","117,135","123,410","126,747","131,581","137,818","143,108","146,145","149,262","149,901","153,964","162,675","175,364","186,266","191,334","193,603","185,339","187,042","191,293","196,631","202,657","208,261","212,779","218,603","230,822"
FL-Jacksonville Urban,27260,"2,919.35","355,889","355,414","357,517","364,333","375,813","387,593","390,345","397,281","405,711","412,528","423,860","424,069","414,760","414,903","419,983","436,312","450,004","456,670","452,699","427,654","435,166","442,112","449,739","456,734","463,435","468,151","480,928","501,318"
OK-Oklahoma City,36420,299.37,"476,124","466,773","470,247","476,710","484,384","497,892","512,184","519,382","526,106","540,748","537,699","540,912","541,309","534,473","543,282","548,926","545,559","537,187","543,631","535,994","586,950","598,676","615,909","621,134","623,249","639,337","638,011","644,954"
OK-Oklahoma City Suburban,36420,180.3,"183,455","180,463","183,056","187,295","191,143","197,680","203,728","207,374","210,500","216,353","220,313","222,935","223,499","221,840","227,042","231,109","230,853","228,143","232,227","230,004","254,464","260,226","267,507","269,686","270,242","278,551","277,947","282,097"
OK-Oklahoma City Urban,36420,"1,013.80","292,669","286,310","287,191","289,415","293,241","300,212","308,456","312,008","315,606","324,395","317,386","317,977","317,810","312,633","316,240","317,817","314,706","309,044","311,404","305,990","332,486","338,450","348,402","351,448","353,007","360,786","360,064","362,857"
TN-Memphis,32820,370.5,"489,455","482,990","482,813","492,288","515,609","534,031","545,457","556,376","568,054","577,527","570,610","569,458","566,924","566,260","558,117","563,310","585,105","594,810","580,391","555,244","573,982","581,463","580,362","569,254","566,574","578,010","590,854","603,129"
TN-Memphis Suburban,32820,153.74,"99,918","98,295","99,227","103,139","108,549","113,252","117,456","122,201","125,802","128,862","135,863","136,095","135,794","139,388","142,535","146,225","149,759","153,700","153,933","145,201","151,976","156,131","155,781","152,054","152,466","158,265","161,841","164,905"
TN-Memphis Urban,32820,"1,129.15","389,537","384,695","383,586","389,149","407,060","420,779","428,001","434,175","442,252","448,665","434,747","433,363","431,130","426,872","415,582","417,085","435,346","441,110","426,458","410,043","422,006","425,332","424,581","417,200","414,108","419,745","429,013","438,224"
NC-Raleigh,39580,"1,159.43","308,829","315,276","326,755","337,746","351,921","365,605","392,074","412,701","426,625","440,961","444,815","450,163","442,329","453,396","463,388","479,811","508,379","523,921","534,660","516,665","539,208","549,109","568,544","583,551","603,910","624,446","650,277","669,106"
NC-Raleigh Suburban,39580,213.4,"42,787","43,468","44,847","45,959","47,456","49,384","53,036","56,066","58,456","61,005","62,432","63,186","62,490","64,022","65,728","67,718","71,163","72,010","73,394","70,719","73,591","74,629","76,485","78,268","80,816","83,525","86,893","90,069"
NC-Raleigh Urban,39580,"1,632.45","266,042","271,808","281,908","291,787","304,465","316,221","339,038","356,635","368,169","379,956","382,383","386,977","379,839","389,374","397,660","412,093","437,216","451,911","461,266","445,946","465,617","474,480","492,059","505,283","523,094","540,921","563,384","579,037"
KY-Louisville,31140,593.39,"509,564","502,796","512,006","523,098","538,403","547,042","550,364","564,817","575,510","586,013","572,231","557,049","545,983","545,493","549,628","556,285","568,643","571,817","567,636","549,754","564,311","568,183","580,996","590,049","593,182","597,770","614,358","633,120"
KY-Louisville Suburban,31140,395.71,"161,257","161,008","165,834","173,548","182,064","187,416","189,810","195,294","199,783","204,652","203,624","200,662","199,280","201,228","202,394","206,394","213,696","214,273","214,122","206,026","203,605","205,026","207,874","212,156","216,827","221,683","228,358","233,003"
KY-Louisville Urban,31140,"1,581.80","348,307","341,788","346,172","349,550","356,339","359,626","360,554","369,523","375,727","381,361","368,607","356,387","346,703","344,265","347,234","349,891","354,947","357,544","353,514","343,728","360,706","363,157","373,122","377,893","376,355","376,087","386,000","400,117"
VA-Richmond,40060,741.36,"476,790","481,085","485,046","487,828","501,639","507,494","501,552","509,697","518,725","526,509","536,610","538,884","540,043","543,701","554,717","570,318","586,084","595,965","603,551","575,851","578,495","590,550","600,052","607,693","619,579","625,130","636,068","649,630"
VA-Richmond Suburban,40060,162.34,"219,772","224,954","230,728","232,116","241,601","246,966","246,366","251,805","260,141","266,739","269,369","272,171","275,539","279,845","287,504","297,485","308,441","311,230","315,729","300,966","298,208","304,337","307,984","311,440","317,277","319,959","325,287","332,538"
VA-Richmond Urban,40060,"2,131.02","257,018","256,131","254,318","255,712","260,038","260,528","255,186","257,892","258,584","259,770","267,241","266,713","264,504","263,856","267,213","272,833","277,643","284,735","287,822","274,885","280,287","286,213","292,068","296,253","302,302","305,171","310,781","317,092"
LA-New Orleans,35380,548.7,"553,198","558,493","545,151","545,370","560,024","569,815","582,524","599,295","609,246","608,382","604,095","593,261","580,229","580,400","587,247","8,067","7,846","501,031","517,366","507,787","526,510","525,643","531,987","544,364","560,143","569,302","565,724","568,419"
LA-New Orleans Suburban,35380,149.52,"145,943","149,076","147,485","149,804","156,395","161,526","168,203","175,998","181,306","183,338","182,767","182,093","181,012","183,737","189,054","8,067","7,846","185,389","184,090","175,685","177,742","176,565","178,481","182,348","187,923","191,621","190,400","192,147"
LA-New Orleans Urban,35380,"1,746.25","407,255","409,417","397,666","395,566","403,629","408,289","414,321","423,297","427,940","425,044","421,328","411,168","399,217","396,663","398,193", -   , -   ,"315,642","333,276","332,102","348,768","349,078","353,506","362,016","372,220","377,681","375,324","376,272"
CT-Hartford,25540,"1,403.33","597,770","593,718","576,690","570,174","561,650","549,122","549,829","552,770","555,933","565,079","583,848","578,687","573,466","568,444","568,172","577,602","591,952","600,885","603,746","595,600","598,108","600,897","594,402","592,709","605,465","613,284","617,044","630,933"
CT-Hartford Suburban,25540,372.2,"71,674","71,284","69,633","69,024","68,435","66,795","67,314","68,132","68,592","70,085","75,241","75,188","75,467","75,590","76,061","77,419","79,562","80,742","81,192","80,813","79,357","79,551","78,192","77,653","79,430","80,717","81,153","83,107"
CT-Hartford Urban,25540,"1,918.90","526,096","522,434","507,057","501,150","493,215","482,327","482,515","484,638","487,341","494,994","508,607","503,499","497,999","492,854","492,111","500,183","512,390","520,143","522,554","514,787","518,751","521,346","516,210","515,056","526,035","532,567","535,891","547,826"
UT-Salt Lake City,41620,697.75,"368,837","378,577","393,527","417,562","437,774","451,279","459,014","472,307","478,658","485,859","490,531","491,305","486,693","489,598","498,222","520,747","544,570","563,077","565,634","540,628","531,472","535,445","553,337","572,690","583,029","595,824","615,750","633,216"
UT-Salt Lake City Suburban,41620,8.4,"11,712","11,470","11,876","11,491","10,988","10,836","11,134","11,240","11,424","11,619","19,518","20,371","20,907","21,788","22,658","24,068","25,437","26,153","26,862","25,975","25,163","25,330","26,087","26,994","27,566","28,401","29,357","30,675"
UT-Salt Lake City Urban,41620,"1,387.10","357,125","367,107","381,651","406,071","426,786","440,443","447,880","461,067","467,234","474,240","471,013","470,934","465,786","467,810","475,564","496,679","519,133","536,924","538,772","514,653","506,309","510,115","527,250","545,696","555,463","567,423","586,393","602,541"
AL-Brimingham,13820,662.03,"434,894","433,962","441,704","450,032","462,769","476,158","486,005","499,811","506,725","507,527","506,856","504,545","498,137","498,903","503,592","508,760","515,498","515,538","506,243","472,489","486,787","495,500","502,458","505,146","504,054","503,031","505,743","513,043"
AL-Brimingham Suburban,13820,294.12,"88,035","87,359","89,587","91,526","94,690","98,307","100,870","103,365","104,529","105,139","110,836","111,099","110,119","110,477","111,897","113,717","115,773","115,892","114,076","106,463","106,050","107,857","109,280","109,729","108,927","108,840","109,491","111,269"
AL-Brimingham Urban,13820,"1,581.80","346,859","346,603","352,117","358,506","368,079","377,851","385,135","396,446","402,196","402,388","396,020","393,446","388,018","388,426","391,695","395,043","399,725","399,646","392,167","366,026","380,737","387,643","393,178","395,417","395,127","394,191","396,252","401,774"
NY-Buffalo,15380,647.9,"557,094","545,769","542,245","540,595","543,697","543,862","549,466","557,573","553,557","547,200","550,189","541,305","549,108","547,322","549,907","553,310","554,345","548,920","552,888","535,654","524,429","518,074","519,297","520,865","518,322","521,124","519,768","520,212"
NY-Buffalo Suburban,15380,647.9,"557,094","545,769","542,245","540,595","543,697","543,862","549,466","557,573","553,557","547,200","550,189","541,305","549,108","547,322","549,907","553,310","554,345","548,920","552,888","535,654","524,429","518,074","519,297","520,865","518,322","521,124","519,768","520,212"
NY-Buffalo Urban,15380,0, -   , -   , -   , -   , -   , -   , -   , -   , -   , -   , -   , -   , -   , -   , -   , -   , -   , -   , -   , -   , -   , -   , -   , -   , -   , -   , -   , -   
NY-Rochester,40380,796.57,"516,283","517,147","516,470","524,275","524,020","526,386","533,708","542,595","544,686","538,996","523,393","518,558","515,756","513,253","514,802","522,666","522,281","517,276","518,220","501,833","501,994","497,253","498,960","499,831","496,503","500,241","499,065","498,081"
NY-Rochester Suburban,40380,168.1,"108,291","109,069","109,642","112,102","113,021","114,299","116,617","118,897","119,423","118,869","114,692","113,936","113,848","113,809","114,709","116,790","116,983","115,400","115,444","112,180","110,921","109,621","109,788","109,901","109,355","110,279","110,257","110,077"
NY-Rochester Urban,40380,"2,053.50","407,992","408,078","406,828","412,173","410,999","412,087","417,091","423,698","425,263","420,127","408,701","404,622","401,908","399,444","400,093","405,876","405,298","401,876","402,776","389,653","391,073","387,632","389,172","389,930","387,148","389,962","388,808","388,004"
MI-Grand Rapids,24340,412.73,"396,939","389,854","397,569","420,637","439,754","453,012","462,096","483,386","497,518","515,880","500,596","491,871","473,594","468,514","479,640","488,145","489,487","484,769","475,382","442,850","460,486","468,406","481,602","495,668","514,788","531,420","547,929","551,209"
MI-Grand Rapids Suburban,24340,412.73,"396,939","389,854","397,569","420,637","439,754","453,012","462,096","483,386","497,518","515,880","500,596","491,871","473,594","468,514","479,640","488,145","489,487","484,769","475,382","442,850","460,486","468,406","481,602","495,668","514,788","531,420","547,929","551,209"
MI-Grand Rapids Urban,24340,0, -   , -   , -   , -   , -   , -   , -   , -   , -   , -   , -   , -   , -   , -   , -   , -   , -   , -   , -   , -   , -   , -   , -   , -   , -   , -   , -   , -   
AZ-Tucson,46060,106.7,"299,908","307,634","318,843","335,703","360,995","376,786","370,664","371,420","379,186","390,493","394,635","396,750","399,541","406,481","418,266","421,815","433,523","441,553","446,795","441,837","434,106","427,335","428,751","427,041","434,481","441,243","448,937","454,292"
AZ-Tucson Suburban,46060,106.7,"299,908","307,634","318,843","335,703","360,995","376,786","370,664","371,420","379,186","390,493","394,635","396,750","399,541","406,481","418,266","421,815","433,523","441,553","446,795","441,837","434,106","427,335","428,751","427,041","434,481","441,243","448,937","454,292"
AZ-Tucson Urban,46060,0, -   , -   , -   , -   , -   , -   , -   , -   , -   , -   , -   , -   , -   , -   , -   , -   , -   , -   , -   , -   , -   , -   , -   , -   , -   , -   , -   , -   
