Region,Lat,Long,CBSA_Code,Year,Population
NY-NYC,40.7128,-74.006,35620,1990,7734952
NY-NYC,40.7128,-74.006,35620,1991,7486962
NY-NYC,40.7128,-74.006,35620,1992,7353137
NY-NYC,40.7128,-74.006,35620,1993,7367199
NY-NYC,40.7128,-74.006,35620,1994,7454710
NY-NYC,40.7128,-74.006,35620,1995,7543397
NY-NYC,40.7128,-74.006,35620,1996,7693956
NY-NYC,40.7128,-74.006,35620,1997,7894173
NY-NYC,40.7128,-74.006,35620,1998,8025875
NY-NYC,40.7128,-74.006,35620,1999,8155850
NY-NYC,40.7128,-74.006,35620,2000,8227776
NY-NYC,40.7128,-74.006,35620,2001,8215400
NY-NYC,40.7128,-74.006,35620,2002,8162594
NY-NYC,40.7128,-74.006,35620,2003,8134376
NY-NYC,40.7128,-74.006,35620,2004,8273044
NY-NYC,40.7128,-74.006,35620,2005,8435967
NY-NYC,40.7128,-74.006,35620,2006,8536559
NY-NYC,40.7128,-74.006,35620,2007,8594147
NY-NYC,40.7128,-74.006,35620,2008,8643694
NY-NYC,40.7128,-74.006,35620,2009,8367527
NY-NYC,40.7128,-74.006,35620,2010,8353698
NY-NYC,40.7128,-74.006,35620,2011,8385393
NY-NYC,40.7128,-74.006,35620,2012,8466867
NY-NYC,40.7128,-74.006,35620,2013,8551423
NY-NYC,40.7128,-74.006,35620,2014,8702771
NY-NYC,40.7128,-74.006,35620,2015,8861180
NY-NYC,40.7128,-74.006,35620,2016,8924993
NY-NYC,40.7128,-74.006,35620,2017,9055737
CA-LA,34.0522,-118.2437,31080,1990,5538817
CA-LA,34.0522,-118.2437,31080,1991,5364533
CA-LA,34.0522,-118.2437,31080,1992,5245428
CA-LA,34.0522,-118.2437,31080,1993,5146641
CA-LA,34.0522,-118.2437,31080,1994,5150322
CA-LA,34.0522,-118.2437,31080,1995,5188655
CA-LA,34.0522,-118.2437,31080,1996,5251041
CA-LA,34.0522,-118.2437,31080,1997,5445480
CA-LA,34.0522,-118.2437,31080,1998,5619635
CA-LA,34.0522,-118.2437,31080,1999,5727923
CA-LA,34.0522,-118.2437,31080,2000,5855725
CA-LA,34.0522,-118.2437,31080,2001,5923637
CA-LA,34.0522,-118.2437,31080,2002,5880453
CA-LA,34.0522,-118.2437,31080,2003,5882405
CA-LA,34.0522,-118.2437,31080,2004,5948080
CA-LA,34.0522,-118.2437,31080,2005,6051809
CA-LA,34.0522,-118.2437,31080,2006,6121036
CA-LA,34.0522,-118.2437,31080,2007,6158479
CA-LA,34.0522,-118.2437,31080,2008,6084764
CA-LA,34.0522,-118.2437,31080,2009,5796869
CA-LA,34.0522,-118.2437,31080,2010,5689712
CA-LA,34.0522,-118.2437,31080,2011,5734334
CA-LA,34.0522,-118.2437,31080,2012,5817662
CA-LA,34.0522,-118.2437,31080,2013,5944431
CA-LA,34.0522,-118.2437,31080,2014,6079645
CA-LA,34.0522,-118.2437,31080,2015,6186181
CA-LA,34.0522,-118.2437,31080,2016,6316785
CA-LA,34.0522,-118.2437,31080,2017,6445841
IL-Chicago,41.8781,-87.6298,16980,1990,3396106
IL-Chicago,41.8781,-87.6298,16980,1991,3336679
IL-Chicago,41.8781,-87.6298,16980,1992,3355642
IL-Chicago,41.8781,-87.6298,16980,1993,3397588
IL-Chicago,41.8781,-87.6298,16980,1994,3487751
IL-Chicago,41.8781,-87.6298,16980,1995,3540280
IL-Chicago,41.8781,-87.6298,16980,1996,3568368
IL-Chicago,41.8781,-87.6298,16980,1997,3608157
IL-Chicago,41.8781,-87.6298,16980,1998,3631055
IL-Chicago,41.8781,-87.6298,16980,1999,3694032
IL-Chicago,41.8781,-87.6298,16980,2000,3706448
IL-Chicago,41.8781,-87.6298,16980,2001,3643096
IL-Chicago,41.8781,-87.6298,16980,2002,3503278
IL-Chicago,41.8781,-87.6298,16980,2003,3458269
IL-Chicago,41.8781,-87.6298,16980,2004,3457069
IL-Chicago,41.8781,-87.6298,16980,2005,3474820
IL-Chicago,41.8781,-87.6298,16980,2006,3563527
IL-Chicago,41.8781,-87.6298,16980,2007,3613478
IL-Chicago,41.8781,-87.6298,16980,2008,3568557
IL-Chicago,41.8781,-87.6298,16980,2009,3394205
IL-Chicago,41.8781,-87.6298,16980,2010,3403230
IL-Chicago,41.8781,-87.6298,16980,2011,3415691
IL-Chicago,41.8781,-87.6298,16980,2012,3463807
IL-Chicago,41.8781,-87.6298,16980,2013,3478281
IL-Chicago,41.8781,-87.6298,16980,2014,3535006
IL-Chicago,41.8781,-87.6298,16980,2015,3582963
IL-Chicago,41.8781,-87.6298,16980,2016,3615206
IL-Chicago,41.8781,-87.6298,16980,2017,3633391
TX-Dallas,32.7767,-96.797,19100,1990,1695071
TX-Dallas,32.7767,-96.797,19100,1991,1686823
TX-Dallas,32.7767,-96.797,19100,1992,1696228
TX-Dallas,32.7767,-96.797,19100,1993,1725900
TX-Dallas,32.7767,-96.797,19100,1994,1771855
TX-Dallas,32.7767,-96.797,19100,1995,1808465
TX-Dallas,32.7767,-96.797,19100,1996,1850608
TX-Dallas,32.7767,-96.797,19100,1997,1903427
TX-Dallas,32.7767,-96.797,19100,1998,1938905
TX-Dallas,32.7767,-96.797,19100,1999,1978962
TX-Dallas,32.7767,-96.797,19100,2000,1972922
TX-Dallas,32.7767,-96.797,19100,2001,1961406
TX-Dallas,32.7767,-96.797,19100,2002,1924695
TX-Dallas,32.7767,-96.797,19100,2003,1906941
TX-Dallas,32.7767,-96.797,19100,2004,1923501
TX-Dallas,32.7767,-96.797,19100,2005,1946847
TX-Dallas,32.7767,-96.797,19100,2006,1976529
TX-Dallas,32.7767,-96.797,19100,2007,1986064
TX-Dallas,32.7767,-96.797,19100,2008,1988657
TX-Dallas,32.7767,-96.797,19100,2009,1945245
TX-Dallas,32.7767,-96.797,19100,2010,2006772
TX-Dallas,32.7767,-96.797,19100,2011,2059408
TX-Dallas,32.7767,-96.797,19100,2012,2107850
TX-Dallas,32.7767,-96.797,19100,2013,2148147
TX-Dallas,32.7767,-96.797,19100,2014,2191535
TX-Dallas,32.7767,-96.797,19100,2015,2222910
TX-Dallas,32.7767,-96.797,19100,2016,2293879
TX-Dallas,32.7767,-96.797,19100,2017,2352622
TX-Houston,29.7604,-95.3698,26420,1990,1561186
TX-Houston,29.7604,-95.3698,26420,1991,1582484
TX-Houston,29.7604,-95.3698,26420,1992,1595520
TX-Houston,29.7604,-95.3698,26420,1993,1615951
TX-Houston,29.7604,-95.3698,26420,1994,1649967
TX-Houston,29.7604,-95.3698,26420,1995,1682241
TX-Houston,29.7604,-95.3698,26420,1996,1704517
TX-Houston,29.7604,-95.3698,26420,1997,1750934
TX-Houston,29.7604,-95.3698,26420,1998,1808426
TX-Houston,29.7604,-95.3698,26420,1999,1824057
TX-Houston,29.7604,-95.3698,26420,2000,1799824
TX-Houston,29.7604,-95.3698,26420,2001,1823516
TX-Houston,29.7604,-95.3698,26420,2002,1840352
TX-Houston,29.7604,-95.3698,26420,2003,1848818
TX-Houston,29.7604,-95.3698,26420,2004,1866197
TX-Houston,29.7604,-95.3698,26420,2005,1900098
TX-Houston,29.7604,-95.3698,26420,2006,1967134
TX-Houston,29.7604,-95.3698,26420,2007,2012979
TX-Houston,29.7604,-95.3698,26420,2008,2045911
TX-Houston,29.7604,-95.3698,26420,2009,2027236
TX-Houston,29.7604,-95.3698,26420,2010,2100345
TX-Houston,29.7604,-95.3698,26420,2011,2160351
TX-Houston,29.7604,-95.3698,26420,2012,2238834
TX-Houston,29.7604,-95.3698,26420,2013,2302731
TX-Houston,29.7604,-95.3698,26420,2014,2358005
TX-Houston,29.7604,-95.3698,26420,2015,2370376
TX-Houston,29.7604,-95.3698,26420,2016,2383883
TX-Houston,29.7604,-95.3698,26420,2017,2411250
MD-DC-VA,38.9072,-77.0369,47900,1990,1982457
MD-DC-VA,38.9072,-77.0369,47900,1991,1970967
MD-DC-VA,38.9072,-77.0369,47900,1992,1980054
MD-DC-VA,38.9072,-77.0369,47900,1993,1980195
MD-DC-VA,38.9072,-77.0369,47900,1994,2019226
MD-DC-VA,38.9072,-77.0369,47900,1995,2017721
MD-DC-VA,38.9072,-77.0369,47900,1996,1999757
MD-DC-VA,38.9072,-77.0369,47900,1997,2009180
MD-DC-VA,38.9072,-77.0369,47900,1998,2041955
MD-DC-VA,38.9072,-77.0369,47900,1999,2095822
MD-DC-VA,38.9072,-77.0369,47900,2000,2146359
MD-DC-VA,38.9072,-77.0369,47900,2001,2152739
MD-DC-VA,38.9072,-77.0369,47900,2002,2151342
MD-DC-VA,38.9072,-77.0369,47900,2003,2156054
MD-DC-VA,38.9072,-77.0369,47900,2004,2180480
MD-DC-VA,38.9072,-77.0369,47900,2005,2226558
MD-DC-VA,38.9072,-77.0369,47900,2006,2267277
MD-DC-VA,38.9072,-77.0369,47900,2007,2292683
MD-DC-VA,38.9072,-77.0369,47900,2008,2321520
MD-DC-VA,38.9072,-77.0369,47900,2009,2283509
MD-DC-VA,38.9072,-77.0369,47900,2010,2344508
MD-DC-VA,38.9072,-77.0369,47900,2011,2383686
MD-DC-VA,38.9072,-77.0369,47900,2012,2422422
MD-DC-VA,38.9072,-77.0369,47900,2013,2443341
MD-DC-VA,38.9072,-77.0369,47900,2014,2457785
MD-DC-VA,38.9072,-77.0369,47900,2015,2480389
MD-DC-VA,38.9072,-77.0369,47900,2016,2527781
MD-DC-VA,38.9072,-77.0369,47900,2017,2581521
PA-Philadelphia,39.9526,-75.1652,37980,1990,2040440
PA-Philadelphia,39.9526,-75.1652,37980,1991,1993577
PA-Philadelphia,39.9526,-75.1652,37980,1992,1976952
PA-Philadelphia,39.9526,-75.1652,37980,1993,1981669
PA-Philadelphia,39.9526,-75.1652,37980,1994,1996105
PA-Philadelphia,39.9526,-75.1652,37980,1995,1994476
PA-Philadelphia,39.9526,-75.1652,37980,1996,2023398
PA-Philadelphia,39.9526,-75.1652,37980,1997,2058827
PA-Philadelphia,39.9526,-75.1652,37980,1998,2081090
PA-Philadelphia,39.9526,-75.1652,37980,1999,2090420
PA-Philadelphia,39.9526,-75.1652,37980,2000,2090945
PA-Philadelphia,39.9526,-75.1652,37980,2001,2099326
PA-Philadelphia,39.9526,-75.1652,37980,2002,2079843
PA-Philadelphia,39.9526,-75.1652,37980,2003,2060460
PA-Philadelphia,39.9526,-75.1652,37980,2004,2064005
PA-Philadelphia,39.9526,-75.1652,37980,2005,2083794
PA-Philadelphia,39.9526,-75.1652,37980,2006,2107903
PA-Philadelphia,39.9526,-75.1652,37980,2007,2119694
PA-Philadelphia,39.9526,-75.1652,37980,2008,2130641
PA-Philadelphia,39.9526,-75.1652,37980,2009,2055859
PA-Philadelphia,39.9526,-75.1652,37980,2010,2074810
PA-Philadelphia,39.9526,-75.1652,37980,2011,2087474
PA-Philadelphia,39.9526,-75.1652,37980,2012,2106118
PA-Philadelphia,39.9526,-75.1652,37980,2013,2114750
PA-Philadelphia,39.9526,-75.1652,37980,2014,2145833
PA-Philadelphia,39.9526,-75.1652,37980,2015,2186267
PA-Philadelphia,39.9526,-75.1652,37980,2016,2220211
PA-Philadelphia,39.9526,-75.1652,37980,2017,2226641
FL-Miami,25.7617,-80.1918,33100,1990,1536439
FL-Miami,25.7617,-80.1918,33100,1991,1516466
FL-Miami,25.7617,-80.1918,33100,1992,1527385
FL-Miami,25.7617,-80.1918,33100,1993,1573806
FL-Miami,25.7617,-80.1918,33100,1994,1625786
FL-Miami,25.7617,-80.1918,33100,1995,1662726
FL-Miami,25.7617,-80.1918,33100,1996,1700897
FL-Miami,25.7617,-80.1918,33100,1997,1752165
FL-Miami,25.7617,-80.1918,33100,1998,1777502
FL-Miami,25.7617,-80.1918,33100,1999,1797018
FL-Miami,25.7617,-80.1918,33100,2000,1870640
FL-Miami,25.7617,-80.1918,33100,2001,1895701
FL-Miami,25.7617,-80.1918,33100,2002,1875378
FL-Miami,25.7617,-80.1918,33100,2003,1889691
FL-Miami,25.7617,-80.1918,33100,2004,1943382
FL-Miami,25.7617,-80.1918,33100,2005,2033731
FL-Miami,25.7617,-80.1918,33100,2006,2111646
FL-Miami,25.7617,-80.1918,33100,2007,2152618
FL-Miami,25.7617,-80.1918,33100,2008,2120130
FL-Miami,25.7617,-80.1918,33100,2009,1974845
FL-Miami,25.7617,-80.1918,33100,2010,1930699
FL-Miami,25.7617,-80.1918,33100,2011,1998727
FL-Miami,25.7617,-80.1918,33100,2012,2063165
FL-Miami,25.7617,-80.1918,33100,2013,2100340
FL-Miami,25.7617,-80.1918,33100,2014,2154710
FL-Miami,25.7617,-80.1918,33100,2015,2176178
FL-Miami,25.7617,-80.1918,33100,2016,2226898
FL-Miami,25.7617,-80.1918,33100,2017,2304079
GA-Atlanta,33.749,-84.388,12060,1990,1248683
GA-Atlanta,33.749,-84.388,12060,1991,1244975
GA-Atlanta,33.749,-84.388,12060,1992,1269243
GA-Atlanta,33.749,-84.388,12060,1993,1323831
GA-Atlanta,33.749,-84.388,12060,1994,1387307
GA-Atlanta,33.749,-84.388,12060,1995,1430107
GA-Atlanta,33.749,-84.388,12060,1996,1490852
GA-Atlanta,33.749,-84.388,12060,1997,1549361
GA-Atlanta,33.749,-84.388,12060,1998,1611327
GA-Atlanta,33.749,-84.388,12060,1999,1653532
GA-Atlanta,33.749,-84.388,12060,2000,1689656
GA-Atlanta,33.749,-84.388,12060,2001,1703344
GA-Atlanta,33.749,-84.388,12060,2002,1687526
GA-Atlanta,33.749,-84.388,12060,2003,1692668
GA-Atlanta,33.749,-84.388,12060,2004,1708041
GA-Atlanta,33.749,-84.388,12060,2005,1740789
GA-Atlanta,33.749,-84.388,12060,2006,1802783
GA-Atlanta,33.749,-84.388,12060,2007,1851931
GA-Atlanta,33.749,-84.388,12060,2008,1834521
GA-Atlanta,33.749,-84.388,12060,2009,1723968
GA-Atlanta,33.749,-84.388,12060,2010,1698582
GA-Atlanta,33.749,-84.388,12060,2011,1735246
GA-Atlanta,33.749,-84.388,12060,2012,1781398
GA-Atlanta,33.749,-84.388,12060,2013,1798913
GA-Atlanta,33.749,-84.388,12060,2014,1830765
GA-Atlanta,33.749,-84.388,12060,2015,1873424
GA-Atlanta,33.749,-84.388,12060,2016,1946068
GA-Atlanta,33.749,-84.388,12060,2017,2016446
MA-Boston,42.3601,-71.0589,14460,1990,1731826
MA-Boston,42.3601,-71.0589,14460,1991,1682192
MA-Boston,42.3601,-71.0589,14460,1992,1673547
MA-Boston,42.3601,-71.0589,14460,1993,1690202
MA-Boston,42.3601,-71.0589,14460,1994,1718852
MA-Boston,42.3601,-71.0589,14460,1995,1749741
MA-Boston,42.3601,-71.0589,14460,1996,1785938
MA-Boston,42.3601,-71.0589,14460,1997,1829628
MA-Boston,42.3601,-71.0589,14460,1998,1863208
MA-Boston,42.3601,-71.0589,14460,1999,1873534
MA-Boston,42.3601,-71.0589,14460,2000,1836549
MA-Boston,42.3601,-71.0589,14460,2001,1843234
MA-Boston,42.3601,-71.0589,14460,2002,1823701
MA-Boston,42.3601,-71.0589,14460,2003,1798550
MA-Boston,42.3601,-71.0589,14460,2004,1789188
MA-Boston,42.3601,-71.0589,14460,2005,1788609
MA-Boston,42.3601,-71.0589,14460,2006,1808902
MA-Boston,42.3601,-71.0589,14460,2007,1829750
MA-Boston,42.3601,-71.0589,14460,2008,1833927
MA-Boston,42.3601,-71.0589,14460,2009,1795362
MA-Boston,42.3601,-71.0589,14460,2010,1821980
MA-Boston,42.3601,-71.0589,14460,2011,1842894
MA-Boston,42.3601,-71.0589,14460,2012,1867580
MA-Boston,42.3601,-71.0589,14460,2013,1884793
MA-Boston,42.3601,-71.0589,14460,2014,1929955
MA-Boston,42.3601,-71.0589,14460,2015,1966647
MA-Boston,42.3601,-71.0589,14460,2016,1999665
MA-Boston,42.3601,-71.0589,14460,2017,2040882
CA-San Francisco,37.7749,-122.4194,41860,1990,1822127
CA-San Francisco,37.7749,-122.4194,41860,1991,1782133
CA-San Francisco,37.7749,-122.4194,41860,1992,1773488
CA-San Francisco,37.7749,-122.4194,41860,1993,1774100
CA-San Francisco,37.7749,-122.4194,41860,1994,1790661
CA-San Francisco,37.7749,-122.4194,41860,1995,1786177
CA-San Francisco,37.7749,-122.4194,41860,1996,1819941
CA-San Francisco,37.7749,-122.4194,41860,1997,1877253
CA-San Francisco,37.7749,-122.4194,41860,1998,1914347
CA-San Francisco,37.7749,-122.4194,41860,1999,1952536
CA-San Francisco,37.7749,-122.4194,41860,2000,2069410
CA-San Francisco,37.7749,-122.4194,41860,2001,2051004
CA-San Francisco,37.7749,-122.4194,41860,2002,1975868
CA-San Francisco,37.7749,-122.4194,41860,2003,1926829
CA-San Francisco,37.7749,-122.4194,41860,2004,1916887
CA-San Francisco,37.7749,-122.4194,41860,2005,1919754
CA-San Francisco,37.7749,-122.4194,41860,2006,1938793
CA-San Francisco,37.7749,-122.4194,41860,2007,1969978
CA-San Francisco,37.7749,-122.4194,41860,2008,1987715
CA-San Francisco,37.7749,-122.4194,41860,2009,1918468
CA-San Francisco,37.7749,-122.4194,41860,2010,1967884
CA-San Francisco,37.7749,-122.4194,41860,2011,2007080
CA-San Francisco,37.7749,-122.4194,41860,2012,2077530
CA-San Francisco,37.7749,-122.4194,41860,2013,2126786
CA-San Francisco,37.7749,-122.4194,41860,2014,2186007
CA-San Francisco,37.7749,-122.4194,41860,2015,2253215
CA-San Francisco,37.7749,-122.4194,41860,2016,2310935
CA-San Francisco,37.7749,-122.4194,41860,2017,2352425
AZ-Phoenix,33.4484,-112.074,38060,1990,0
AZ-Phoenix,33.4484,-112.074,38060,1991,0
AZ-Phoenix,33.4484,-112.074,38060,1992,0
AZ-Phoenix,33.4484,-112.074,38060,1993,0
AZ-Phoenix,33.4484,-112.074,38060,1994,0
AZ-Phoenix,33.4484,-112.074,38060,1995,0
AZ-Phoenix,33.4484,-112.074,38060,1996,0
AZ-Phoenix,33.4484,-112.074,38060,1997,0
AZ-Phoenix,33.4484,-112.074,38060,1998,0
AZ-Phoenix,33.4484,-112.074,38060,1999,0
AZ-Phoenix,33.4484,-112.074,38060,2000,0
AZ-Phoenix,33.4484,-112.074,38060,2001,0
AZ-Phoenix,33.4484,-112.074,38060,2002,0
AZ-Phoenix,33.4484,-112.074,38060,2003,0
AZ-Phoenix,33.4484,-112.074,38060,2004,0
AZ-Phoenix,33.4484,-112.074,38060,2005,0
AZ-Phoenix,33.4484,-112.074,38060,2006,0
AZ-Phoenix,33.4484,-112.074,38060,2007,0
AZ-Phoenix,33.4484,-112.074,38060,2008,0
AZ-Phoenix,33.4484,-112.074,38060,2009,0
AZ-Phoenix,33.4484,-112.074,38060,2010,0
AZ-Phoenix,33.4484,-112.074,38060,2011,0
AZ-Phoenix,33.4484,-112.074,38060,2012,0
AZ-Phoenix,33.4484,-112.074,38060,2013,0
AZ-Phoenix,33.4484,-112.074,38060,2014,0
AZ-Phoenix,33.4484,-112.074,38060,2015,0
AZ-Phoenix,33.4484,-112.074,38060,2016,0
AZ-Phoenix,33.4484,-112.074,38060,2017,0
CA-Riverside,33.9806,-117.3755,40140,1990,0
CA-Riverside,33.9806,-117.3755,40140,1991,0
CA-Riverside,33.9806,-117.3755,40140,1992,0
CA-Riverside,33.9806,-117.3755,40140,1993,0
CA-Riverside,33.9806,-117.3755,40140,1994,0
CA-Riverside,33.9806,-117.3755,40140,1995,0
CA-Riverside,33.9806,-117.3755,40140,1996,0
CA-Riverside,33.9806,-117.3755,40140,1997,0
CA-Riverside,33.9806,-117.3755,40140,1998,0
CA-Riverside,33.9806,-117.3755,40140,1999,0
CA-Riverside,33.9806,-117.3755,40140,2000,0
CA-Riverside,33.9806,-117.3755,40140,2001,0
CA-Riverside,33.9806,-117.3755,40140,2002,0
CA-Riverside,33.9806,-117.3755,40140,2003,0
CA-Riverside,33.9806,-117.3755,40140,2004,0
CA-Riverside,33.9806,-117.3755,40140,2005,0
CA-Riverside,33.9806,-117.3755,40140,2006,0
CA-Riverside,33.9806,-117.3755,40140,2007,0
CA-Riverside,33.9806,-117.3755,40140,2008,0
CA-Riverside,33.9806,-117.3755,40140,2009,0
CA-Riverside,33.9806,-117.3755,40140,2010,0
CA-Riverside,33.9806,-117.3755,40140,2011,0
CA-Riverside,33.9806,-117.3755,40140,2012,0
CA-Riverside,33.9806,-117.3755,40140,2013,0
CA-Riverside,33.9806,-117.3755,40140,2014,0
CA-Riverside,33.9806,-117.3755,40140,2015,0
CA-Riverside,33.9806,-117.3755,40140,2016,0
CA-Riverside,33.9806,-117.3755,40140,2017,0
MI-Detroit,42.3314,-83.0458,19820,1990,1788107
MI-Detroit,42.3314,-83.0458,19820,1991,1752730
MI-Detroit,42.3314,-83.0458,19820,1992,1789477
MI-Detroit,42.3314,-83.0458,19820,1993,1835266
MI-Detroit,42.3314,-83.0458,19820,1994,1872899
MI-Detroit,42.3314,-83.0458,19820,1995,1885759
MI-Detroit,42.3314,-83.0458,19820,1996,1925181
MI-Detroit,42.3314,-83.0458,19820,1997,1948863
MI-Detroit,42.3314,-83.0458,19820,1998,1978859
MI-Detroit,42.3314,-83.0458,19820,1999,2004976
MI-Detroit,42.3314,-83.0458,19820,2000,1999856
MI-Detroit,42.3314,-83.0458,19820,2001,1929751
MI-Detroit,42.3314,-83.0458,19820,2002,1861108
MI-Detroit,42.3314,-83.0458,19820,2003,1845160
MI-Detroit,42.3314,-83.0458,19820,2004,1840380
MI-Detroit,42.3314,-83.0458,19820,2005,1842411
MI-Detroit,42.3314,-83.0458,19820,2006,1822119
MI-Detroit,42.3314,-83.0458,19820,2007,1791391
MI-Detroit,42.3314,-83.0458,19820,2008,1731882
MI-Detroit,42.3314,-83.0458,19820,2009,1607339
MI-Detroit,42.3314,-83.0458,19820,2010,1589505
MI-Detroit,42.3314,-83.0458,19820,2011,1590321
MI-Detroit,42.3314,-83.0458,19820,2012,1618193
MI-Detroit,42.3314,-83.0458,19820,2013,1642735
MI-Detroit,42.3314,-83.0458,19820,2014,1670181
MI-Detroit,42.3314,-83.0458,19820,2015,1707931
MI-Detroit,42.3314,-83.0458,19820,2016,1753394
MI-Detroit,42.3314,-83.0458,19820,2017,1808943
WA-Seattle,83.0458,-122.3321,42660,1990,0
WA-Seattle,83.0458,-122.3321,42660,1991,0
WA-Seattle,83.0458,-122.3321,42660,1992,0
WA-Seattle,83.0458,-122.3321,42660,1993,0
WA-Seattle,83.0458,-122.3321,42660,1994,0
WA-Seattle,83.0458,-122.3321,42660,1995,0
WA-Seattle,83.0458,-122.3321,42660,1996,0
WA-Seattle,83.0458,-122.3321,42660,1997,0
WA-Seattle,83.0458,-122.3321,42660,1998,0
WA-Seattle,83.0458,-122.3321,42660,1999,0
WA-Seattle,83.0458,-122.3321,42660,2000,0
WA-Seattle,83.0458,-122.3321,42660,2001,0
WA-Seattle,83.0458,-122.3321,42660,2002,0
WA-Seattle,83.0458,-122.3321,42660,2003,0
WA-Seattle,83.0458,-122.3321,42660,2004,0
WA-Seattle,83.0458,-122.3321,42660,2005,0
WA-Seattle,83.0458,-122.3321,42660,2006,0
WA-Seattle,83.0458,-122.3321,42660,2007,0
WA-Seattle,83.0458,-122.3321,42660,2008,0
WA-Seattle,83.0458,-122.3321,42660,2009,0
WA-Seattle,83.0458,-122.3321,42660,2010,0
WA-Seattle,83.0458,-122.3321,42660,2011,0
WA-Seattle,83.0458,-122.3321,42660,2012,0
WA-Seattle,83.0458,-122.3321,42660,2013,0
WA-Seattle,83.0458,-122.3321,42660,2014,0
WA-Seattle,83.0458,-122.3321,42660,2015,0
WA-Seattle,83.0458,-122.3321,42660,2016,0
WA-Seattle,83.0458,-122.3321,42660,2017,0
MI-Minneapolis,44.9778,-93.265,33460,1990,853535
MI-Minneapolis,44.9778,-93.265,33460,1991,848569
MI-Minneapolis,44.9778,-93.265,33460,1992,854973
MI-Minneapolis,44.9778,-93.265,33460,1993,861842
MI-Minneapolis,44.9778,-93.265,33460,1994,878587
MI-Minneapolis,44.9778,-93.265,33460,1995,893669
MI-Minneapolis,44.9778,-93.265,33460,1996,895942
MI-Minneapolis,44.9778,-93.265,33460,1997,904954
MI-Minneapolis,44.9778,-93.265,33460,1998,915734
MI-Minneapolis,44.9778,-93.265,33460,1999,924657
MI-Minneapolis,44.9778,-93.265,33460,2000,926975
MI-Minneapolis,44.9778,-93.265,33460,2001,919292
MI-Minneapolis,44.9778,-93.265,33460,2002,902157
MI-Minneapolis,44.9778,-93.265,33460,2003,895819
MI-Minneapolis,44.9778,-93.265,33460,2004,891327
MI-Minneapolis,44.9778,-93.265,33460,2005,889352
MI-Minneapolis,44.9778,-93.265,33460,2006,884472
MI-Minneapolis,44.9778,-93.265,33460,2007,888557
MI-Minneapolis,44.9778,-93.265,33460,2008,882194
MI-Minneapolis,44.9778,-93.265,33460,2009,858541
MI-Minneapolis,44.9778,-93.265,33460,2010,855229
MI-Minneapolis,44.9778,-93.265,33460,2011,870642
MI-Minneapolis,44.9778,-93.265,33460,2012,882574
MI-Minneapolis,44.9778,-93.265,33460,2013,897065
MI-Minneapolis,44.9778,-93.265,33460,2014,909571
MI-Minneapolis,44.9778,-93.265,33460,2015,917109
MI-Minneapolis,44.9778,-93.265,33460,2016,926864
MI-Minneapolis,44.9778,-93.265,33460,2017,955549
CA-San Diego ,32.7157,-117.1611,41740,1990,0
CA-San Diego ,32.7157,-117.1611,41740,1991,0
CA-San Diego ,32.7157,-117.1611,41740,1992,0
CA-San Diego ,32.7157,-117.1611,41740,1993,0
CA-San Diego ,32.7157,-117.1611,41740,1994,0
CA-San Diego ,32.7157,-117.1611,41740,1995,0
CA-San Diego ,32.7157,-117.1611,41740,1996,0
CA-San Diego ,32.7157,-117.1611,41740,1997,0
CA-San Diego ,32.7157,-117.1611,41740,1998,0
CA-San Diego ,32.7157,-117.1611,41740,1999,0
CA-San Diego ,32.7157,-117.1611,41740,2000,0
CA-San Diego ,32.7157,-117.1611,41740,2001,0
CA-San Diego ,32.7157,-117.1611,41740,2002,0
CA-San Diego ,32.7157,-117.1611,41740,2003,0
CA-San Diego ,32.7157,-117.1611,41740,2004,0
CA-San Diego ,32.7157,-117.1611,41740,2005,0
CA-San Diego ,32.7157,-117.1611,41740,2006,0
CA-San Diego ,32.7157,-117.1611,41740,2007,0
CA-San Diego ,32.7157,-117.1611,41740,2008,0
CA-San Diego ,32.7157,-117.1611,41740,2009,0
CA-San Diego ,32.7157,-117.1611,41740,2010,0
CA-San Diego ,32.7157,-117.1611,41740,2011,0
CA-San Diego ,32.7157,-117.1611,41740,2012,0
CA-San Diego ,32.7157,-117.1611,41740,2013,0
CA-San Diego ,32.7157,-117.1611,41740,2014,0
CA-San Diego ,32.7157,-117.1611,41740,2015,0
CA-San Diego ,32.7157,-117.1611,41740,2016,0
CA-San Diego ,32.7157,-117.1611,41740,2017,0
FL-Tampa Bay,27.7634,-82.5437,45300,1990,836809
FL-Tampa Bay,27.7634,-82.5437,45300,1991,823303
FL-Tampa Bay,27.7634,-82.5437,45300,1992,831805
FL-Tampa Bay,27.7634,-82.5437,45300,1993,856436
FL-Tampa Bay,27.7634,-82.5437,45300,1994,897881
FL-Tampa Bay,27.7634,-82.5437,45300,1995,918262
FL-Tampa Bay,27.7634,-82.5437,45300,1996,929840
FL-Tampa Bay,27.7634,-82.5437,45300,1997,965289
FL-Tampa Bay,27.7634,-82.5437,45300,1998,998793
FL-Tampa Bay,27.7634,-82.5437,45300,1999,1026166
FL-Tampa Bay,27.7634,-82.5437,45300,2000,966964
FL-Tampa Bay,27.7634,-82.5437,45300,2001,967029
FL-Tampa Bay,27.7634,-82.5437,45300,2002,954463
FL-Tampa Bay,27.7634,-82.5437,45300,2003,957585
FL-Tampa Bay,27.7634,-82.5437,45300,2004,987335
FL-Tampa Bay,27.7634,-82.5437,45300,2005,984565
FL-Tampa Bay,27.7634,-82.5437,45300,2006,1004029
FL-Tampa Bay,27.7634,-82.5437,45300,2007,1002156
FL-Tampa Bay,27.7634,-82.5437,45300,2008,978268
FL-Tampa Bay,27.7634,-82.5437,45300,2009,926826
FL-Tampa Bay,27.7634,-82.5437,45300,2010,991256
FL-Tampa Bay,27.7634,-82.5437,45300,2011,1017069
FL-Tampa Bay,27.7634,-82.5437,45300,2012,1045600
FL-Tampa Bay,27.7634,-82.5437,45300,2013,1067458
FL-Tampa Bay,27.7634,-82.5437,45300,2014,1088465
FL-Tampa Bay,27.7634,-82.5437,45300,2015,1100984
FL-Tampa Bay,27.7634,-82.5437,45300,2016,1135186
FL-Tampa Bay,27.7634,-82.5437,45300,2017,1168133
CO-Denver,39.7392,-104.9903,19740,1990,531441
CO-Denver,39.7392,-104.9903,19740,1991,536791
CO-Denver,39.7392,-104.9903,19740,1992,545091
CO-Denver,39.7392,-104.9903,19740,1993,571643
CO-Denver,39.7392,-104.9903,19740,1994,604662
CO-Denver,39.7392,-104.9903,19740,1995,628441
CO-Denver,39.7392,-104.9903,19740,1996,632375
CO-Denver,39.7392,-104.9903,19740,1997,657594
CO-Denver,39.7392,-104.9903,19740,1998,683464
CO-Denver,39.7392,-104.9903,19740,1999,698396
CO-Denver,39.7392,-104.9903,19740,2000,723352
CO-Denver,39.7392,-104.9903,19740,2001,713865
CO-Denver,39.7392,-104.9903,19740,2002,703308
CO-Denver,39.7392,-104.9903,19740,2003,713720
CO-Denver,39.7392,-104.9903,19740,2004,725814
CO-Denver,39.7392,-104.9903,19740,2005,734822
CO-Denver,39.7392,-104.9903,19740,2006,752970
CO-Denver,39.7392,-104.9903,19740,2007,773091
CO-Denver,39.7392,-104.9903,19740,2008,783105
CO-Denver,39.7392,-104.9903,19740,2009,760425
CO-Denver,39.7392,-104.9903,19740,2010,770472
CO-Denver,39.7392,-104.9903,19740,2011,777999
CO-Denver,39.7392,-104.9903,19740,2012,792763
CO-Denver,39.7392,-104.9903,19740,2013,814021
CO-Denver,39.7392,-104.9903,19740,2014,842495
CO-Denver,39.7392,-104.9903,19740,2015,863078
CO-Denver,39.7392,-104.9903,19740,2016,885945
CO-Denver,39.7392,-104.9903,19740,2017,918920
MO-St Louis,38.627,-90.1994,41180,1990,826285
MO-St Louis,38.627,-90.1994,41180,1991,820477
MO-St Louis,38.627,-90.1994,41180,1992,813875
MO-St Louis,38.627,-90.1994,41180,1993,813696
MO-St Louis,38.627,-90.1994,41180,1994,841271
MO-St Louis,38.627,-90.1994,41180,1995,861625
MO-St Louis,38.627,-90.1994,41180,1996,866983
MO-St Louis,38.627,-90.1994,41180,1997,851431
MO-St Louis,38.627,-90.1994,41180,1998,846109
MO-St Louis,38.627,-90.1994,41180,1999,844644
MO-St Louis,38.627,-90.1994,41180,2000,859590
MO-St Louis,38.627,-90.1994,41180,2001,857826
MO-St Louis,38.627,-90.1994,41180,2002,852525
MO-St Louis,38.627,-90.1994,41180,2003,845823
MO-St Louis,38.627,-90.1994,41180,2004,833844
MO-St Louis,38.627,-90.1994,41180,2005,828459
MO-St Louis,38.627,-90.1994,41180,2006,831217
MO-St Louis,38.627,-90.1994,41180,2007,823820
MO-St Louis,38.627,-90.1994,41180,2008,806665
MO-St Louis,38.627,-90.1994,41180,2009,777619
MO-St Louis,38.627,-90.1994,41180,2010,802768
MO-St Louis,38.627,-90.1994,41180,2011,811209
MO-St Louis,38.627,-90.1994,41180,2012,812499
MO-St Louis,38.627,-90.1994,41180,2013,810610
MO-St Louis,38.627,-90.1994,41180,2014,824807
MO-St Louis,38.627,-90.1994,41180,2015,843639
MO-St Louis,38.627,-90.1994,41180,2016,851058
MO-St Louis,38.627,-90.1994,41180,2017,839034
MA-Baltimore,39.2904,-76.6122,12580,1990,1009739
MA-Baltimore,39.2904,-76.6122,12580,1991,990159
MA-Baltimore,39.2904,-76.6122,12580,1992,987885
MA-Baltimore,39.2904,-76.6122,12580,1993,1000389
MA-Baltimore,39.2904,-76.6122,12580,1994,1004644
MA-Baltimore,39.2904,-76.6122,12580,1995,1015147
MA-Baltimore,39.2904,-76.6122,12580,1996,1022514
MA-Baltimore,39.2904,-76.6122,12580,1997,1033021
MA-Baltimore,39.2904,-76.6122,12580,1998,1030311
MA-Baltimore,39.2904,-76.6122,12580,1999,1036808
MA-Baltimore,39.2904,-76.6122,12580,2000,1056781
MA-Baltimore,39.2904,-76.6122,12580,2001,1062208
MA-Baltimore,39.2904,-76.6122,12580,2002,1058384
MA-Baltimore,39.2904,-76.6122,12580,2003,1056447
MA-Baltimore,39.2904,-76.6122,12580,2004,1056450
MA-Baltimore,39.2904,-76.6122,12580,2005,1069052
MA-Baltimore,39.2904,-76.6122,12580,2006,1087896
MA-Baltimore,39.2904,-76.6122,12580,2007,1098654
MA-Baltimore,39.2904,-76.6122,12580,2008,1100566
MA-Baltimore,39.2904,-76.6122,12580,2009,1076858
MA-Baltimore,39.2904,-76.6122,12580,2010,1076206
MA-Baltimore,39.2904,-76.6122,12580,2011,1092666
MA-Baltimore,39.2904,-76.6122,12580,2012,1110729
MA-Baltimore,39.2904,-76.6122,12580,2013,1121218
MA-Baltimore,39.2904,-76.6122,12580,2014,1131501
MA-Baltimore,39.2904,-76.6122,12580,2015,1152768
MA-Baltimore,39.2904,-76.6122,12580,2016,1170853
MA-Baltimore,39.2904,-76.6122,12580,2017,1185064
SC-Charlotte,35.2271,-80.8431,16740,1990,335093
SC-Charlotte,35.2271,-80.8431,16740,1991,332975
SC-Charlotte,35.2271,-80.8431,16740,1992,337289
SC-Charlotte,35.2271,-80.8431,16740,1993,349763
SC-Charlotte,35.2271,-80.8431,16740,1994,364701
SC-Charlotte,35.2271,-80.8431,16740,1995,377755
SC-Charlotte,35.2271,-80.8431,16740,1996,396186
SC-Charlotte,35.2271,-80.8431,16740,1997,410038
SC-Charlotte,35.2271,-80.8431,16740,1998,416034
SC-Charlotte,35.2271,-80.8431,16740,1999,433447
SC-Charlotte,35.2271,-80.8431,16740,2000,451113
SC-Charlotte,35.2271,-80.8431,16740,2001,459556
SC-Charlotte,35.2271,-80.8431,16740,2002,457152
SC-Charlotte,35.2271,-80.8431,16740,2003,466442
SC-Charlotte,35.2271,-80.8431,16740,2004,470381
SC-Charlotte,35.2271,-80.8431,16740,2005,483996
SC-Charlotte,35.2271,-80.8431,16740,2006,510923
SC-Charlotte,35.2271,-80.8431,16740,2007,524107
SC-Charlotte,35.2271,-80.8431,16740,2008,529607
SC-Charlotte,35.2271,-80.8431,16740,2009,502310
SC-Charlotte,35.2271,-80.8431,16740,2010,539860
SC-Charlotte,35.2271,-80.8431,16740,2011,555881
SC-Charlotte,35.2271,-80.8431,16740,2012,577668
SC-Charlotte,35.2271,-80.8431,16740,2013,594112
SC-Charlotte,35.2271,-80.8431,16740,2014,616955
SC-Charlotte,35.2271,-80.8431,16740,2015,641684
SC-Charlotte,35.2271,-80.8431,16740,2016,669237
SC-Charlotte,35.2271,-80.8431,16740,2017,690625
FL-Orlando,28.5383,-81.3792,36740,1990,593829
FL-Orlando,28.5383,-81.3792,36740,1991,589621
FL-Orlando,28.5383,-81.3792,36740,1992,606863
FL-Orlando,28.5383,-81.3792,36740,1993,630640
FL-Orlando,28.5383,-81.3792,36740,1994,657284
FL-Orlando,28.5383,-81.3792,36740,1995,677455
FL-Orlando,28.5383,-81.3792,36740,1996,700916
FL-Orlando,28.5383,-81.3792,36740,1997,737457
FL-Orlando,28.5383,-81.3792,36740,1998,772202
FL-Orlando,28.5383,-81.3792,36740,1999,804791
FL-Orlando,28.5383,-81.3792,36740,2000,780132
FL-Orlando,28.5383,-81.3792,36740,2001,785954
FL-Orlando,28.5383,-81.3792,36740,2002,773126
FL-Orlando,28.5383,-81.3792,36740,2003,788948
FL-Orlando,28.5383,-81.3792,36740,2004,821254
FL-Orlando,28.5383,-81.3792,36740,2005,867208
FL-Orlando,28.5383,-81.3792,36740,2006,906715
FL-Orlando,28.5383,-81.3792,36740,2007,929037
FL-Orlando,28.5383,-81.3792,36740,2008,921875
FL-Orlando,28.5383,-81.3792,36740,2009,867113
FL-Orlando,28.5383,-81.3792,36740,2010,890892
FL-Orlando,28.5383,-81.3792,36740,2011,907370
FL-Orlando,28.5383,-81.3792,36740,2012,934916
FL-Orlando,28.5383,-81.3792,36740,2013,960468
FL-Orlando,28.5383,-81.3792,36740,2014,989704
FL-Orlando,28.5383,-81.3792,36740,2015,1008820
FL-Orlando,28.5383,-81.3792,36740,2016,1044713
FL-Orlando,28.5383,-81.3792,36740,2017,1091086
TX-San Antonio,29.4241,-98.4936,41700,1990,522540
TX-San Antonio,29.4241,-98.4936,41700,1991,528464
TX-San Antonio,29.4241,-98.4936,41700,1992,550605
TX-San Antonio,29.4241,-98.4936,41700,1993,570095
TX-San Antonio,29.4241,-98.4936,41700,1994,590199
TX-San Antonio,29.4241,-98.4936,41700,1995,606201
TX-San Antonio,29.4241,-98.4936,41700,1996,613908
TX-San Antonio,29.4241,-98.4936,41700,1997,629289
TX-San Antonio,29.4241,-98.4936,41700,1998,635849
TX-San Antonio,29.4241,-98.4936,41700,1999,648566
TX-San Antonio,29.4241,-98.4936,41700,2000,636095
TX-San Antonio,29.4241,-98.4936,41700,2001,640055
TX-San Antonio,29.4241,-98.4936,41700,2002,648499
TX-San Antonio,29.4241,-98.4936,41700,2003,654692
TX-San Antonio,29.4241,-98.4936,41700,2004,663941
TX-San Antonio,29.4241,-98.4936,41700,2005,677680
TX-San Antonio,29.4241,-98.4936,41700,2006,694464
TX-San Antonio,29.4241,-98.4936,41700,2007,703469
TX-San Antonio,29.4241,-98.4936,41700,2008,713891
TX-San Antonio,29.4241,-98.4936,41700,2009,712413
TX-San Antonio,29.4241,-98.4936,41700,2010,753313
TX-San Antonio,29.4241,-98.4936,41700,2011,770139
TX-San Antonio,29.4241,-98.4936,41700,2012,787214
TX-San Antonio,29.4241,-98.4936,41700,2013,806155
TX-San Antonio,29.4241,-98.4936,41700,2014,824636
TX-San Antonio,29.4241,-98.4936,41700,2015,842658
TX-San Antonio,29.4241,-98.4936,41700,2016,869025
TX-San Antonio,29.4241,-98.4936,41700,2017,892277
OR-Portland,45.5122,-122.6587,38900,1990,303159
OR-Portland,45.5122,-122.6587,38900,1991,307964
OR-Portland,45.5122,-122.6587,38900,1992,312504
OR-Portland,45.5122,-122.6587,38900,1993,320662
OR-Portland,45.5122,-122.6587,38900,1994,332916
OR-Portland,45.5122,-122.6587,38900,1995,338366
OR-Portland,45.5122,-122.6587,38900,1996,342589
OR-Portland,45.5122,-122.6587,38900,1997,350218
OR-Portland,45.5122,-122.6587,38900,1998,352057
OR-Portland,45.5122,-122.6587,38900,1999,352268
OR-Portland,45.5122,-122.6587,38900,2000,363518
OR-Portland,45.5122,-122.6587,38900,2001,356323
OR-Portland,45.5122,-122.6587,38900,2002,347528
OR-Portland,45.5122,-122.6587,38900,2003,342005
OR-Portland,45.5122,-122.6587,38900,2004,336779
OR-Portland,45.5122,-122.6587,38900,2005,338487
OR-Portland,45.5122,-122.6587,38900,2006,347849
OR-Portland,45.5122,-122.6587,38900,2007,360681
OR-Portland,45.5122,-122.6587,38900,2008,365522
OR-Portland,45.5122,-122.6587,38900,2009,351886
OR-Portland,45.5122,-122.6587,38900,2010,378511
OR-Portland,45.5122,-122.6587,38900,2011,389294
OR-Portland,45.5122,-122.6587,38900,2012,387585
OR-Portland,45.5122,-122.6587,38900,2013,382944
OR-Portland,45.5122,-122.6587,38900,2014,394646
OR-Portland,45.5122,-122.6587,38900,2015,408545
OR-Portland,45.5122,-122.6587,38900,2016,427251
OR-Portland,45.5122,-122.6587,38900,2017,440545
PA-Pittsburgh,40.4406,-79.9959,38300,1990,666890
PA-Pittsburgh,40.4406,-79.9959,38300,1991,666271
PA-Pittsburgh,40.4406,-79.9959,38300,1992,671408
PA-Pittsburgh,40.4406,-79.9959,38300,1993,673156
PA-Pittsburgh,40.4406,-79.9959,38300,1994,671176
PA-Pittsburgh,40.4406,-79.9959,38300,1995,670345
PA-Pittsburgh,40.4406,-79.9959,38300,1996,678317
PA-Pittsburgh,40.4406,-79.9959,38300,1997,685622
PA-Pittsburgh,40.4406,-79.9959,38300,1998,685830
PA-Pittsburgh,40.4406,-79.9959,38300,1999,686843
PA-Pittsburgh,40.4406,-79.9959,38300,2000,673566
PA-Pittsburgh,40.4406,-79.9959,38300,2001,677441
PA-Pittsburgh,40.4406,-79.9959,38300,2002,670245
PA-Pittsburgh,40.4406,-79.9959,38300,2003,663111
PA-Pittsburgh,40.4406,-79.9959,38300,2004,661173
PA-Pittsburgh,40.4406,-79.9959,38300,2005,657568
PA-Pittsburgh,40.4406,-79.9959,38300,2006,661358
PA-Pittsburgh,40.4406,-79.9959,38300,2007,669356
PA-Pittsburgh,40.4406,-79.9959,38300,2008,674781
PA-Pittsburgh,40.4406,-79.9959,38300,2009,655856
PA-Pittsburgh,40.4406,-79.9959,38300,2010,640994
PA-Pittsburgh,40.4406,-79.9959,38300,2011,651086
PA-Pittsburgh,40.4406,-79.9959,38300,2012,662061
PA-Pittsburgh,40.4406,-79.9959,38300,2013,662893
PA-Pittsburgh,40.4406,-79.9959,38300,2014,666309
PA-Pittsburgh,40.4406,-79.9959,38300,2015,669937
PA-Pittsburgh,40.4406,-79.9959,38300,2016,669714
PA-Pittsburgh,40.4406,-79.9959,38300,2017,668999
CA-Sacremento,38.5816,-121.4944,40900,1990,498324
CA-Sacremento,38.5816,-121.4944,40900,1991,492452
CA-Sacremento,38.5816,-121.4944,40900,1992,485492
CA-Sacremento,38.5816,-121.4944,40900,1993,485946
CA-Sacremento,38.5816,-121.4944,40900,1994,494203
CA-Sacremento,38.5816,-121.4944,40900,1995,497960
CA-Sacremento,38.5816,-121.4944,40900,1996,506518
CA-Sacremento,38.5816,-121.4944,40900,1997,519895
CA-Sacremento,38.5816,-121.4944,40900,1998,536633
CA-Sacremento,38.5816,-121.4944,40900,1999,556937
CA-Sacremento,38.5816,-121.4944,40900,2000,582785
CA-Sacremento,38.5816,-121.4944,40900,2001,595878
CA-Sacremento,38.5816,-121.4944,40900,2002,606097
CA-Sacremento,38.5816,-121.4944,40900,2003,614089
CA-Sacremento,38.5816,-121.4944,40900,2004,622197
CA-Sacremento,38.5816,-121.4944,40900,2005,631504
CA-Sacremento,38.5816,-121.4944,40900,2006,637010
CA-Sacremento,38.5816,-121.4944,40900,2007,639075
CA-Sacremento,38.5816,-121.4944,40900,2008,630283
CA-Sacremento,38.5816,-121.4944,40900,2009,606070
CA-Sacremento,38.5816,-121.4944,40900,2010,596992
CA-Sacremento,38.5816,-121.4944,40900,2011,597683
CA-Sacremento,38.5816,-121.4944,40900,2012,609691
CA-Sacremento,38.5816,-121.4944,40900,2013,619880
CA-Sacremento,38.5816,-121.4944,40900,2014,630701
CA-Sacremento,38.5816,-121.4944,40900,2015,644938
CA-Sacremento,38.5816,-121.4944,40900,2016,660109
CA-Sacremento,38.5816,-121.4944,40900,2017,669469
OH-Cincinnati,39.1031,-84.512,17140,1990,426819
OH-Cincinnati,39.1031,-84.512,17140,1991,422389
OH-Cincinnati,39.1031,-84.512,17140,1992,420170
OH-Cincinnati,39.1031,-84.512,17140,1993,417970
OH-Cincinnati,39.1031,-84.512,17140,1994,417835
OH-Cincinnati,39.1031,-84.512,17140,1995,416999
OH-Cincinnati,39.1031,-84.512,17140,1996,420162
OH-Cincinnati,39.1031,-84.512,17140,1997,422533
OH-Cincinnati,39.1031,-84.512,17140,1998,420894
OH-Cincinnati,39.1031,-84.512,17140,1999,418835
OH-Cincinnati,39.1031,-84.512,17140,2000,415421
OH-Cincinnati,39.1031,-84.512,17140,2001,412170
OH-Cincinnati,39.1031,-84.512,17140,2002,406486
OH-Cincinnati,39.1031,-84.512,17140,2003,404832
OH-Cincinnati,39.1031,-84.512,17140,2004,401161
OH-Cincinnati,39.1031,-84.512,17140,2005,399909
OH-Cincinnati,39.1031,-84.512,17140,2006,408530
OH-Cincinnati,39.1031,-84.512,17140,2007,418898
OH-Cincinnati,39.1031,-84.512,17140,2008,417468
OH-Cincinnati,39.1031,-84.512,17140,2009,396454
OH-Cincinnati,39.1031,-84.512,17140,2010,376328
OH-Cincinnati,39.1031,-84.512,17140,2011,374769
OH-Cincinnati,39.1031,-84.512,17140,2012,375613
OH-Cincinnati,39.1031,-84.512,17140,2013,376745
OH-Cincinnati,39.1031,-84.512,17140,2014,382539
OH-Cincinnati,39.1031,-84.512,17140,2015,386660
OH-Cincinnati,39.1031,-84.512,17140,2016,390134
OH-Cincinnati,39.1031,-84.512,17140,2017,396770
NV-Las Vegas,36.1699,-115.1398,29820,1990,0
NV-Las Vegas,36.1699,-115.1398,29820,1991,0
NV-Las Vegas,36.1699,-115.1398,29820,1992,0
NV-Las Vegas,36.1699,-115.1398,29820,1993,0
NV-Las Vegas,36.1699,-115.1398,29820,1994,0
NV-Las Vegas,36.1699,-115.1398,29820,1995,0
NV-Las Vegas,36.1699,-115.1398,29820,1996,0
NV-Las Vegas,36.1699,-115.1398,29820,1997,0
NV-Las Vegas,36.1699,-115.1398,29820,1998,0
NV-Las Vegas,36.1699,-115.1398,29820,1999,0
NV-Las Vegas,36.1699,-115.1398,29820,2000,0
NV-Las Vegas,36.1699,-115.1398,29820,2001,0
NV-Las Vegas,36.1699,-115.1398,29820,2002,0
NV-Las Vegas,36.1699,-115.1398,29820,2003,0
NV-Las Vegas,36.1699,-115.1398,29820,2004,0
NV-Las Vegas,36.1699,-115.1398,29820,2005,0
NV-Las Vegas,36.1699,-115.1398,29820,2006,0
NV-Las Vegas,36.1699,-115.1398,29820,2007,0
NV-Las Vegas,36.1699,-115.1398,29820,2008,0
NV-Las Vegas,36.1699,-115.1398,29820,2009,0
NV-Las Vegas,36.1699,-115.1398,29820,2010,0
NV-Las Vegas,36.1699,-115.1398,29820,2011,0
NV-Las Vegas,36.1699,-115.1398,29820,2012,0
NV-Las Vegas,36.1699,-115.1398,29820,2013,0
NV-Las Vegas,36.1699,-115.1398,29820,2014,0
NV-Las Vegas,36.1699,-115.1398,29820,2015,0
NV-Las Vegas,36.1699,-115.1398,29820,2016,0
NV-Las Vegas,36.1699,-115.1398,29820,2017,0
MO-Kansas City,39.0997,-94.5786,28140,1990,596871
MO-Kansas City,39.0997,-94.5786,28140,1991,596415
MO-Kansas City,39.0997,-94.5786,28140,1992,602662
MO-Kansas City,39.0997,-94.5786,28140,1993,612320
MO-Kansas City,39.0997,-94.5786,28140,1994,632581
MO-Kansas City,39.0997,-94.5786,28140,1995,644303
MO-Kansas City,39.0997,-94.5786,28140,1996,651044
MO-Kansas City,39.0997,-94.5786,28140,1997,665380
MO-Kansas City,39.0997,-94.5786,28140,1998,678676
MO-Kansas City,39.0997,-94.5786,28140,1999,686902
MO-Kansas City,39.0997,-94.5786,28140,2000,659444
MO-Kansas City,39.0997,-94.5786,28140,2001,651113
MO-Kansas City,39.0997,-94.5786,28140,2002,645479
MO-Kansas City,39.0997,-94.5786,28140,2003,651443
MO-Kansas City,39.0997,-94.5786,28140,2004,656322
MO-Kansas City,39.0997,-94.5786,28140,2005,659658
MO-Kansas City,39.0997,-94.5786,28140,2006,662430
MO-Kansas City,39.0997,-94.5786,28140,2007,669630
MO-Kansas City,39.0997,-94.5786,28140,2008,663815
MO-Kansas City,39.0997,-94.5786,28140,2009,652055
MO-Kansas City,39.0997,-94.5786,28140,2010,678391
MO-Kansas City,39.0997,-94.5786,28140,2011,683373
MO-Kansas City,39.0997,-94.5786,28140,2012,692306
MO-Kansas City,39.0997,-94.5786,28140,2013,696180
MO-Kansas City,39.0997,-94.5786,28140,2014,713028
MO-Kansas City,39.0997,-94.5786,28140,2015,728168
MO-Kansas City,39.0997,-94.5786,28140,2016,737873
MO-Kansas City,39.0997,-94.5786,28140,2017,743394
TX-Austin,30.2672,-97.7431,12420,1990,318591
TX-Austin,30.2672,-97.7431,12420,1991,327734
TX-Austin,30.2672,-97.7431,12420,1992,346538
TX-Austin,30.2672,-97.7431,12420,1993,366733
TX-Austin,30.2672,-97.7431,12420,1994,386927
TX-Austin,30.2672,-97.7431,12420,1995,404744
TX-Austin,30.2672,-97.7431,12420,1996,414024
TX-Austin,30.2672,-97.7431,12420,1997,423041
TX-Austin,30.2672,-97.7431,12420,1998,436822
TX-Austin,30.2672,-97.7431,12420,1999,453127
TX-Austin,30.2672,-97.7431,12420,2000,477302
TX-Austin,30.2672,-97.7431,12420,2001,471949
TX-Austin,30.2672,-97.7431,12420,2002,460978
TX-Austin,30.2672,-97.7431,12420,2003,459021
TX-Austin,30.2672,-97.7431,12420,2004,467543
TX-Austin,30.2672,-97.7431,12420,2005,479587
TX-Austin,30.2672,-97.7431,12420,2006,494371
TX-Austin,30.2672,-97.7431,12420,2007,510019
TX-Austin,30.2672,-97.7431,12420,2008,514368
TX-Austin,30.2672,-97.7431,12420,2009,510814
TX-Austin,30.2672,-97.7431,12420,2010,536660
TX-Austin,30.2672,-97.7431,12420,2011,556184
TX-Austin,30.2672,-97.7431,12420,2012,578608
TX-Austin,30.2672,-97.7431,12420,2013,599088
TX-Austin,30.2672,-97.7431,12420,2014,617152
TX-Austin,30.2672,-97.7431,12420,2015,632174
TX-Austin,30.2672,-97.7431,12420,2016,657085
TX-Austin,30.2672,-97.7431,12420,2017,677830
OH-Cleveland,41.4993,-81.6944,17460,1990,754123
OH-Cleveland,41.4993,-81.6944,17460,1991,745584
OH-Cleveland,41.4993,-81.6944,17460,1992,741772
OH-Cleveland,41.4993,-81.6944,17460,1993,744363
OH-Cleveland,41.4993,-81.6944,17460,1994,755344
OH-Cleveland,41.4993,-81.6944,17460,1995,765584
OH-Cleveland,41.4993,-81.6944,17460,1996,771769
OH-Cleveland,41.4993,-81.6944,17460,1997,782412
OH-Cleveland,41.4993,-81.6944,17460,1998,786414
OH-Cleveland,41.4993,-81.6944,17460,1999,790006
OH-Cleveland,41.4993,-81.6944,17460,2000,788896
OH-Cleveland,41.4993,-81.6944,17460,2001,786111
OH-Cleveland,41.4993,-81.6944,17460,2002,766464
OH-Cleveland,41.4993,-81.6944,17460,2003,758221
OH-Cleveland,41.4993,-81.6944,17460,2004,748376
OH-Cleveland,41.4993,-81.6944,17460,2005,743529
OH-Cleveland,41.4993,-81.6944,17460,2006,745123
OH-Cleveland,41.4993,-81.6944,17460,2007,743871
OH-Cleveland,41.4993,-81.6944,17460,2008,730479
OH-Cleveland,41.4993,-81.6944,17460,2009,692676
OH-Cleveland,41.4993,-81.6944,17460,2010,694167
OH-Cleveland,41.4993,-81.6944,17460,2011,692670
OH-Cleveland,41.4993,-81.6944,17460,2012,694267
OH-Cleveland,41.4993,-81.6944,17460,2013,691540
OH-Cleveland,41.4993,-81.6944,17460,2014,695299
OH-Cleveland,41.4993,-81.6944,17460,2015,695356
OH-Cleveland,41.4993,-81.6944,17460,2016,695189
OH-Cleveland,41.4993,-81.6944,17460,2017,692903
OH-Columbus,39.9612,-82.9988,18140,1990,620259
OH-Columbus,39.9612,-82.9988,18140,1991,619585
OH-Columbus,39.9612,-82.9988,18140,1992,627546
OH-Columbus,39.9612,-82.9988,18140,1993,633249
OH-Columbus,39.9612,-82.9988,18140,1994,648463
OH-Columbus,39.9612,-82.9988,18140,1995,662963
OH-Columbus,39.9612,-82.9988,18140,1996,669674
OH-Columbus,39.9612,-82.9988,18140,1997,685915
OH-Columbus,39.9612,-82.9988,18140,1998,697459
OH-Columbus,39.9612,-82.9988,18140,1999,713575
OH-Columbus,39.9612,-82.9988,18140,2000,719524
OH-Columbus,39.9612,-82.9988,18140,2001,731344
OH-Columbus,39.9612,-82.9988,18140,2002,730164
OH-Columbus,39.9612,-82.9988,18140,2003,730216
OH-Columbus,39.9612,-82.9988,18140,2004,733354
OH-Columbus,39.9612,-82.9988,18140,2005,741270
OH-Columbus,39.9612,-82.9988,18140,2006,760023
OH-Columbus,39.9612,-82.9988,18140,2007,775745
OH-Columbus,39.9612,-82.9988,18140,2008,774063
OH-Columbus,39.9612,-82.9988,18140,2009,749535
OH-Columbus,39.9612,-82.9988,18140,2010,750461
OH-Columbus,39.9612,-82.9988,18140,2011,760883
OH-Columbus,39.9612,-82.9988,18140,2012,773809
OH-Columbus,39.9612,-82.9988,18140,2013,785572
OH-Columbus,39.9612,-82.9988,18140,2014,807881
OH-Columbus,39.9612,-82.9988,18140,2015,824152
OH-Columbus,39.9612,-82.9988,18140,2016,835613
OH-Columbus,39.9612,-82.9988,18140,2017,857715
IN-Indianapolis,39.7684,-86.1581,26900,1990,534782
IN-Indianapolis,39.7684,-86.1581,26900,1991,530741
IN-Indianapolis,39.7684,-86.1581,26900,1992,536802
IN-Indianapolis,39.7684,-86.1581,26900,1993,559332
IN-Indianapolis,39.7684,-86.1581,26900,1994,583767
IN-Indianapolis,39.7684,-86.1581,26900,1995,599110
IN-Indianapolis,39.7684,-86.1581,26900,1996,601277
IN-Indianapolis,39.7684,-86.1581,26900,1997,610009
IN-Indianapolis,39.7684,-86.1581,26900,1998,616221
IN-Indianapolis,39.7684,-86.1581,26900,1999,619228
IN-Indianapolis,39.7684,-86.1581,26900,2000,626274
IN-Indianapolis,39.7684,-86.1581,26900,2001,632653
IN-Indianapolis,39.7684,-86.1581,26900,2002,634773
IN-Indianapolis,39.7684,-86.1581,26900,2003,644625
IN-Indianapolis,39.7684,-86.1581,26900,2004,642819
IN-Indianapolis,39.7684,-86.1581,26900,2005,649521
IN-Indianapolis,39.7684,-86.1581,26900,2006,663933
IN-Indianapolis,39.7684,-86.1581,26900,2007,669042
IN-Indianapolis,39.7684,-86.1581,26900,2008,670840
IN-Indianapolis,39.7684,-86.1581,26900,2009,639944
IN-Indianapolis,39.7684,-86.1581,26900,2010,625741
IN-Indianapolis,39.7684,-86.1581,26900,2011,637325
IN-Indianapolis,39.7684,-86.1581,26900,2012,647133
IN-Indianapolis,39.7684,-86.1581,26900,2013,662160
IN-Indianapolis,39.7684,-86.1581,26900,2014,684633
IN-Indianapolis,39.7684,-86.1581,26900,2015,707044
IN-Indianapolis,39.7684,-86.1581,26900,2016,728189
IN-Indianapolis,39.7684,-86.1581,26900,2017,736419
CA-San Jose,37.3382,-121.8863,41940,1990,818551
CA-San Jose,37.3382,-121.8863,41940,1991,793935
CA-San Jose,37.3382,-121.8863,41940,1992,789295
CA-San Jose,37.3382,-121.8863,41940,1993,788965
CA-San Jose,37.3382,-121.8863,41940,1994,798295
CA-San Jose,37.3382,-121.8863,41940,1995,817464
CA-San Jose,37.3382,-121.8863,41940,1996,859046
CA-San Jose,37.3382,-121.8863,41940,1997,901592
CA-San Jose,37.3382,-121.8863,41940,1998,921608
CA-San Jose,37.3382,-121.8863,41940,1999,928555
CA-San Jose,37.3382,-121.8863,41940,2000,912217
CA-San Jose,37.3382,-121.8863,41940,2001,891097
CA-San Jose,37.3382,-121.8863,41940,2002,813016
CA-San Jose,37.3382,-121.8863,41940,2003,773878
CA-San Jose,37.3382,-121.8863,41940,2004,768970
CA-San Jose,37.3382,-121.8863,41940,2005,772046
CA-San Jose,37.3382,-121.8863,41940,2006,784773
CA-San Jose,37.3382,-121.8863,41940,2007,803877
CA-San Jose,37.3382,-121.8863,41940,2008,816618
CA-San Jose,37.3382,-121.8863,41940,2009,782384
CA-San Jose,37.3382,-121.8863,41940,2010,830114
CA-San Jose,37.3382,-121.8863,41940,2011,852426
CA-San Jose,37.3382,-121.8863,41940,2012,882982
CA-San Jose,37.3382,-121.8863,41940,2013,909102
CA-San Jose,37.3382,-121.8863,41940,2014,940691
CA-San Jose,37.3382,-121.8863,41940,2015,967810
CA-San Jose,37.3382,-121.8863,41940,2016,987905
CA-San Jose,37.3382,-121.8863,41940,2017,1007143
TN-Nashville,36.1627,-86.7816,34980,1990,265106
TN-Nashville,36.1627,-86.7816,34980,1991,259701
TN-Nashville,36.1627,-86.7816,34980,1992,261922
TN-Nashville,36.1627,-86.7816,34980,1993,272110
TN-Nashville,36.1627,-86.7816,34980,1994,284284
TN-Nashville,36.1627,-86.7816,34980,1995,291069
TN-Nashville,36.1627,-86.7816,34980,1996,293277
TN-Nashville,36.1627,-86.7816,34980,1997,294799
TN-Nashville,36.1627,-86.7816,34980,1998,299404
TN-Nashville,36.1627,-86.7816,34980,1999,300542
TN-Nashville,36.1627,-86.7816,34980,2000,298970
TN-Nashville,36.1627,-86.7816,34980,2001,296183
TN-Nashville,36.1627,-86.7816,34980,2002,292721
TN-Nashville,36.1627,-86.7816,34980,2003,289575
TN-Nashville,36.1627,-86.7816,34980,2004,286553
TN-Nashville,36.1627,-86.7816,34980,2005,288260
TN-Nashville,36.1627,-86.7816,34980,2006,299241
TN-Nashville,36.1627,-86.7816,34980,2007,312929
TN-Nashville,36.1627,-86.7816,34980,2008,306349
TN-Nashville,36.1627,-86.7816,34980,2009,294328
TN-Nashville,36.1627,-86.7816,34980,2010,314469
TN-Nashville,36.1627,-86.7816,34980,2011,323712
TN-Nashville,36.1627,-86.7816,34980,2012,331459
TN-Nashville,36.1627,-86.7816,34980,2013,333681
TN-Nashville,36.1627,-86.7816,34980,2014,338880
TN-Nashville,36.1627,-86.7816,34980,2015,348675
TN-Nashville,36.1627,-86.7816,34980,2016,363503
TN-Nashville,36.1627,-86.7816,34980,2017,377454
VA-Virginia Beach,36.8529,-75.978,47260,1990,465869
VA-Virginia Beach,36.8529,-75.978,47260,1991,471900
VA-Virginia Beach,36.8529,-75.978,47260,1992,477464
VA-Virginia Beach,36.8529,-75.978,47260,1993,471116
VA-Virginia Beach,36.8529,-75.978,47260,1994,472884
VA-Virginia Beach,36.8529,-75.978,47260,1995,473277
VA-Virginia Beach,36.8529,-75.978,47260,1996,466803
VA-Virginia Beach,36.8529,-75.978,47260,1997,471131
VA-Virginia Beach,36.8529,-75.978,47260,1998,478654
VA-Virginia Beach,36.8529,-75.978,47260,1999,478165
VA-Virginia Beach,36.8529,-75.978,47260,2000,480411
VA-Virginia Beach,36.8529,-75.978,47260,2001,484917
VA-Virginia Beach,36.8529,-75.978,47260,2002,489051
VA-Virginia Beach,36.8529,-75.978,47260,2003,488956
VA-Virginia Beach,36.8529,-75.978,47260,2004,490559
VA-Virginia Beach,36.8529,-75.978,47260,2005,496781
VA-Virginia Beach,36.8529,-75.978,47260,2006,502676
VA-Virginia Beach,36.8529,-75.978,47260,2007,512300
VA-Virginia Beach,36.8529,-75.978,47260,2008,513336
VA-Virginia Beach,36.8529,-75.978,47260,2009,492417
VA-Virginia Beach,36.8529,-75.978,47260,2010,505500
VA-Virginia Beach,36.8529,-75.978,47260,2011,510091
VA-Virginia Beach,36.8529,-75.978,47260,2012,511943
VA-Virginia Beach,36.8529,-75.978,47260,2013,516706
VA-Virginia Beach,36.8529,-75.978,47260,2014,519844
VA-Virginia Beach,36.8529,-75.978,47260,2015,514774
VA-Virginia Beach,36.8529,-75.978,47260,2016,517604
VA-Virginia Beach,36.8529,-75.978,47260,2017,526562
RI-Providence,41.824,-71.4128,39300,1990,550517
RI-Providence,41.824,-71.4128,39300,1991,531553
RI-Providence,41.824,-71.4128,39300,1992,535810
RI-Providence,41.824,-71.4128,39300,1993,541893
RI-Providence,41.824,-71.4128,39300,1994,544541
RI-Providence,41.824,-71.4128,39300,1995,544776
RI-Providence,41.824,-71.4128,39300,1996,550328
RI-Providence,41.824,-71.4128,39300,1997,562975
RI-Providence,41.824,-71.4128,39300,1998,571205
RI-Providence,41.824,-71.4128,39300,1999,575625
RI-Providence,41.824,-71.4128,39300,2000,586808
RI-Providence,41.824,-71.4128,39300,2001,585249
RI-Providence,41.824,-71.4128,39300,2002,591732
RI-Providence,41.824,-71.4128,39300,2003,597021
RI-Providence,41.824,-71.4128,39300,2004,597897
RI-Providence,41.824,-71.4128,39300,2005,603317
RI-Providence,41.824,-71.4128,39300,2006,610119
RI-Providence,41.824,-71.4128,39300,2007,609067
RI-Providence,41.824,-71.4128,39300,2008,595054
RI-Providence,41.824,-71.4128,39300,2009,573867
RI-Providence,41.824,-71.4128,39300,2010,570660
RI-Providence,41.824,-71.4128,39300,2011,569830
RI-Providence,41.824,-71.4128,39300,2012,573920
RI-Providence,41.824,-71.4128,39300,2013,578223
RI-Providence,41.824,-71.4128,39300,2014,588445
RI-Providence,41.824,-71.4128,39300,2015,597703
RI-Providence,41.824,-71.4128,39300,2016,603171
RI-Providence,41.824,-71.4128,39300,2017,612084
WI-Milwaukee,43.0389,-87.9065,33340,1990,453338
WI-Milwaukee,43.0389,-87.9065,33340,1991,443605
WI-Milwaukee,43.0389,-87.9065,33340,1992,450445
WI-Milwaukee,43.0389,-87.9065,33340,1993,454029
WI-Milwaukee,43.0389,-87.9065,33340,1994,458470
WI-Milwaukee,43.0389,-87.9065,33340,1995,463037
WI-Milwaukee,43.0389,-87.9065,33340,1996,465660
WI-Milwaukee,43.0389,-87.9065,33340,1997,468903
WI-Milwaukee,43.0389,-87.9065,33340,1998,465260
WI-Milwaukee,43.0389,-87.9065,33340,1999,460114
WI-Milwaukee,43.0389,-87.9065,33340,2000,453896
WI-Milwaukee,43.0389,-87.9065,33340,2001,447127
WI-Milwaukee,43.0389,-87.9065,33340,2002,436967
WI-Milwaukee,43.0389,-87.9065,33340,2003,433157
WI-Milwaukee,43.0389,-87.9065,33340,2004,429695
WI-Milwaukee,43.0389,-87.9065,33340,2005,425389
WI-Milwaukee,43.0389,-87.9065,33340,2006,429034
WI-Milwaukee,43.0389,-87.9065,33340,2007,442497
WI-Milwaukee,43.0389,-87.9065,33340,2008,442645
WI-Milwaukee,43.0389,-87.9065,33340,2009,423498
WI-Milwaukee,43.0389,-87.9065,33340,2010,428834
WI-Milwaukee,43.0389,-87.9065,33340,2011,433264
WI-Milwaukee,43.0389,-87.9065,33340,2012,435412
WI-Milwaukee,43.0389,-87.9065,33340,2013,439273
WI-Milwaukee,43.0389,-87.9065,33340,2014,446154
WI-Milwaukee,43.0389,-87.9065,33340,2015,449935
WI-Milwaukee,43.0389,-87.9065,33340,2016,454475
WI-Milwaukee,43.0389,-87.9065,33340,2017,458982
FL-Jacksonville,30.3322,-81.6557,27260,1990,355889
FL-Jacksonville,30.3322,-81.6557,27260,1991,355414
FL-Jacksonville,30.3322,-81.6557,27260,1992,357517
FL-Jacksonville,30.3322,-81.6557,27260,1993,364333
FL-Jacksonville,30.3322,-81.6557,27260,1994,375813
FL-Jacksonville,30.3322,-81.6557,27260,1995,387593
FL-Jacksonville,30.3322,-81.6557,27260,1996,390345
FL-Jacksonville,30.3322,-81.6557,27260,1997,397281
FL-Jacksonville,30.3322,-81.6557,27260,1998,405711
FL-Jacksonville,30.3322,-81.6557,27260,1999,412528
FL-Jacksonville,30.3322,-81.6557,27260,2000,423860
FL-Jacksonville,30.3322,-81.6557,27260,2001,424069
FL-Jacksonville,30.3322,-81.6557,27260,2002,414760
FL-Jacksonville,30.3322,-81.6557,27260,2003,414903
FL-Jacksonville,30.3322,-81.6557,27260,2004,419983
FL-Jacksonville,30.3322,-81.6557,27260,2005,436312
FL-Jacksonville,30.3322,-81.6557,27260,2006,450004
FL-Jacksonville,30.3322,-81.6557,27260,2007,456670
FL-Jacksonville,30.3322,-81.6557,27260,2008,452699
FL-Jacksonville,30.3322,-81.6557,27260,2009,427654
FL-Jacksonville,30.3322,-81.6557,27260,2010,435166
FL-Jacksonville,30.3322,-81.6557,27260,2011,442112
FL-Jacksonville,30.3322,-81.6557,27260,2012,449739
FL-Jacksonville,30.3322,-81.6557,27260,2013,456734
FL-Jacksonville,30.3322,-81.6557,27260,2014,463435
FL-Jacksonville,30.3322,-81.6557,27260,2015,468151
FL-Jacksonville,30.3322,-81.6557,27260,2016,480928
FL-Jacksonville,30.3322,-81.6557,27260,2017,501318
OK-Oklahoma City,35.4676,-97.5164,36420,1990,292669
OK-Oklahoma City,35.4676,-97.5164,36420,1991,286310
OK-Oklahoma City,35.4676,-97.5164,36420,1992,287191
OK-Oklahoma City,35.4676,-97.5164,36420,1993,289415
OK-Oklahoma City,35.4676,-97.5164,36420,1994,293241
OK-Oklahoma City,35.4676,-97.5164,36420,1995,300212
OK-Oklahoma City,35.4676,-97.5164,36420,1996,308456
OK-Oklahoma City,35.4676,-97.5164,36420,1997,312008
OK-Oklahoma City,35.4676,-97.5164,36420,1998,315606
OK-Oklahoma City,35.4676,-97.5164,36420,1999,324395
OK-Oklahoma City,35.4676,-97.5164,36420,2000,317386
OK-Oklahoma City,35.4676,-97.5164,36420,2001,317977
OK-Oklahoma City,35.4676,-97.5164,36420,2002,317810
OK-Oklahoma City,35.4676,-97.5164,36420,2003,312633
OK-Oklahoma City,35.4676,-97.5164,36420,2004,316240
OK-Oklahoma City,35.4676,-97.5164,36420,2005,317817
OK-Oklahoma City,35.4676,-97.5164,36420,2006,314706
OK-Oklahoma City,35.4676,-97.5164,36420,2007,309044
OK-Oklahoma City,35.4676,-97.5164,36420,2008,311404
OK-Oklahoma City,35.4676,-97.5164,36420,2009,305990
OK-Oklahoma City,35.4676,-97.5164,36420,2010,332486
OK-Oklahoma City,35.4676,-97.5164,36420,2011,338450
OK-Oklahoma City,35.4676,-97.5164,36420,2012,348402
OK-Oklahoma City,35.4676,-97.5164,36420,2013,351448
OK-Oklahoma City,35.4676,-97.5164,36420,2014,353007
OK-Oklahoma City,35.4676,-97.5164,36420,2015,360786
OK-Oklahoma City,35.4676,-97.5164,36420,2016,360064
OK-Oklahoma City,35.4676,-97.5164,36420,2017,362857
TN-Memphis,35.1495,-90.049,32820,1990,389537
TN-Memphis,35.1495,-90.049,32820,1991,384695
TN-Memphis,35.1495,-90.049,32820,1992,383586
TN-Memphis,35.1495,-90.049,32820,1993,389149
TN-Memphis,35.1495,-90.049,32820,1994,407060
TN-Memphis,35.1495,-90.049,32820,1995,420779
TN-Memphis,35.1495,-90.049,32820,1996,428001
TN-Memphis,35.1495,-90.049,32820,1997,434175
TN-Memphis,35.1495,-90.049,32820,1998,442252
TN-Memphis,35.1495,-90.049,32820,1999,448665
TN-Memphis,35.1495,-90.049,32820,2000,434747
TN-Memphis,35.1495,-90.049,32820,2001,433363
TN-Memphis,35.1495,-90.049,32820,2002,431130
TN-Memphis,35.1495,-90.049,32820,2003,426872
TN-Memphis,35.1495,-90.049,32820,2004,415582
TN-Memphis,35.1495,-90.049,32820,2005,417085
TN-Memphis,35.1495,-90.049,32820,2006,435346
TN-Memphis,35.1495,-90.049,32820,2007,441110
TN-Memphis,35.1495,-90.049,32820,2008,426458
TN-Memphis,35.1495,-90.049,32820,2009,410043
TN-Memphis,35.1495,-90.049,32820,2010,422006
TN-Memphis,35.1495,-90.049,32820,2011,425332
TN-Memphis,35.1495,-90.049,32820,2012,424581
TN-Memphis,35.1495,-90.049,32820,2013,417200
TN-Memphis,35.1495,-90.049,32820,2014,414108
TN-Memphis,35.1495,-90.049,32820,2015,419745
TN-Memphis,35.1495,-90.049,32820,2016,429013
TN-Memphis,35.1495,-90.049,32820,2017,438224
NC-Raleigh,35.7796,-78.6382,39580,1990,266042
NC-Raleigh,35.7796,-78.6382,39580,1991,271808
NC-Raleigh,35.7796,-78.6382,39580,1992,281908
NC-Raleigh,35.7796,-78.6382,39580,1993,291787
NC-Raleigh,35.7796,-78.6382,39580,1994,304465
NC-Raleigh,35.7796,-78.6382,39580,1995,316221
NC-Raleigh,35.7796,-78.6382,39580,1996,339038
NC-Raleigh,35.7796,-78.6382,39580,1997,356635
NC-Raleigh,35.7796,-78.6382,39580,1998,368169
NC-Raleigh,35.7796,-78.6382,39580,1999,379956
NC-Raleigh,35.7796,-78.6382,39580,2000,382383
NC-Raleigh,35.7796,-78.6382,39580,2001,386977
NC-Raleigh,35.7796,-78.6382,39580,2002,379839
NC-Raleigh,35.7796,-78.6382,39580,2003,389374
NC-Raleigh,35.7796,-78.6382,39580,2004,397660
NC-Raleigh,35.7796,-78.6382,39580,2005,412093
NC-Raleigh,35.7796,-78.6382,39580,2006,437216
NC-Raleigh,35.7796,-78.6382,39580,2007,451911
NC-Raleigh,35.7796,-78.6382,39580,2008,461266
NC-Raleigh,35.7796,-78.6382,39580,2009,445946
NC-Raleigh,35.7796,-78.6382,39580,2010,465617
NC-Raleigh,35.7796,-78.6382,39580,2011,474480
NC-Raleigh,35.7796,-78.6382,39580,2012,492059
NC-Raleigh,35.7796,-78.6382,39580,2013,505283
NC-Raleigh,35.7796,-78.6382,39580,2014,523094
NC-Raleigh,35.7796,-78.6382,39580,2015,540921
NC-Raleigh,35.7796,-78.6382,39580,2016,563384
NC-Raleigh,35.7796,-78.6382,39580,2017,579037
KY-Louisville,38.2527,-85.7585,31140,1990,348307
KY-Louisville,38.2527,-85.7585,31140,1991,341788
KY-Louisville,38.2527,-85.7585,31140,1992,346172
KY-Louisville,38.2527,-85.7585,31140,1993,349550
KY-Louisville,38.2527,-85.7585,31140,1994,356339
KY-Louisville,38.2527,-85.7585,31140,1995,359626
KY-Louisville,38.2527,-85.7585,31140,1996,360554
KY-Louisville,38.2527,-85.7585,31140,1997,369523
KY-Louisville,38.2527,-85.7585,31140,1998,375727
KY-Louisville,38.2527,-85.7585,31140,1999,381361
KY-Louisville,38.2527,-85.7585,31140,2000,368607
KY-Louisville,38.2527,-85.7585,31140,2001,356387
KY-Louisville,38.2527,-85.7585,31140,2002,346703
KY-Louisville,38.2527,-85.7585,31140,2003,344265
KY-Louisville,38.2527,-85.7585,31140,2004,347234
KY-Louisville,38.2527,-85.7585,31140,2005,349891
KY-Louisville,38.2527,-85.7585,31140,2006,354947
KY-Louisville,38.2527,-85.7585,31140,2007,357544
KY-Louisville,38.2527,-85.7585,31140,2008,353514
KY-Louisville,38.2527,-85.7585,31140,2009,343728
KY-Louisville,38.2527,-85.7585,31140,2010,360706
KY-Louisville,38.2527,-85.7585,31140,2011,363157
KY-Louisville,38.2527,-85.7585,31140,2012,373122
KY-Louisville,38.2527,-85.7585,31140,2013,377893
KY-Louisville,38.2527,-85.7585,31140,2014,376355
KY-Louisville,38.2527,-85.7585,31140,2015,376087
KY-Louisville,38.2527,-85.7585,31140,2016,386000
KY-Louisville,38.2527,-85.7585,31140,2017,400117
VA-Richmond,37.5407,-77.436,40060,1990,257018
VA-Richmond,37.5407,-77.436,40060,1991,256131
VA-Richmond,37.5407,-77.436,40060,1992,254318
VA-Richmond,37.5407,-77.436,40060,1993,255712
VA-Richmond,37.5407,-77.436,40060,1994,260038
VA-Richmond,37.5407,-77.436,40060,1995,260528
VA-Richmond,37.5407,-77.436,40060,1996,255186
VA-Richmond,37.5407,-77.436,40060,1997,257892
VA-Richmond,37.5407,-77.436,40060,1998,258584
VA-Richmond,37.5407,-77.436,40060,1999,259770
VA-Richmond,37.5407,-77.436,40060,2000,267241
VA-Richmond,37.5407,-77.436,40060,2001,266713
VA-Richmond,37.5407,-77.436,40060,2002,264504
VA-Richmond,37.5407,-77.436,40060,2003,263856
VA-Richmond,37.5407,-77.436,40060,2004,267213
VA-Richmond,37.5407,-77.436,40060,2005,272833
VA-Richmond,37.5407,-77.436,40060,2006,277643
VA-Richmond,37.5407,-77.436,40060,2007,284735
VA-Richmond,37.5407,-77.436,40060,2008,287822
VA-Richmond,37.5407,-77.436,40060,2009,274885
VA-Richmond,37.5407,-77.436,40060,2010,280287
VA-Richmond,37.5407,-77.436,40060,2011,286213
VA-Richmond,37.5407,-77.436,40060,2012,292068
VA-Richmond,37.5407,-77.436,40060,2013,296253
VA-Richmond,37.5407,-77.436,40060,2014,302302
VA-Richmond,37.5407,-77.436,40060,2015,305171
VA-Richmond,37.5407,-77.436,40060,2016,310781
VA-Richmond,37.5407,-77.436,40060,2017,317092
LA-New Orleans,29.9511,-90.0715,35380,1990,407255
LA-New Orleans,29.9511,-90.0715,35380,1991,409417
LA-New Orleans,29.9511,-90.0715,35380,1992,397666
LA-New Orleans,29.9511,-90.0715,35380,1993,395566
LA-New Orleans,29.9511,-90.0715,35380,1994,403629
LA-New Orleans,29.9511,-90.0715,35380,1995,408289
LA-New Orleans,29.9511,-90.0715,35380,1996,414321
LA-New Orleans,29.9511,-90.0715,35380,1997,423297
LA-New Orleans,29.9511,-90.0715,35380,1998,427940
LA-New Orleans,29.9511,-90.0715,35380,1999,425044
LA-New Orleans,29.9511,-90.0715,35380,2000,421328
LA-New Orleans,29.9511,-90.0715,35380,2001,411168
LA-New Orleans,29.9511,-90.0715,35380,2002,399217
LA-New Orleans,29.9511,-90.0715,35380,2003,396663
LA-New Orleans,29.9511,-90.0715,35380,2004,398193
LA-New Orleans,29.9511,-90.0715,35380,2005,0
LA-New Orleans,29.9511,-90.0715,35380,2006,0
LA-New Orleans,29.9511,-90.0715,35380,2007,315642
LA-New Orleans,29.9511,-90.0715,35380,2008,333276
LA-New Orleans,29.9511,-90.0715,35380,2009,332102
LA-New Orleans,29.9511,-90.0715,35380,2010,348768
LA-New Orleans,29.9511,-90.0715,35380,2011,349078
LA-New Orleans,29.9511,-90.0715,35380,2012,353506
LA-New Orleans,29.9511,-90.0715,35380,2013,362016
LA-New Orleans,29.9511,-90.0715,35380,2014,372220
LA-New Orleans,29.9511,-90.0715,35380,2015,377681
LA-New Orleans,29.9511,-90.0715,35380,2016,375324
LA-New Orleans,29.9511,-90.0715,35380,2017,376272
CT-Hartford,41.7658,-72.6734,25540,1990,526096
CT-Hartford,41.7658,-72.6734,25540,1991,522434
CT-Hartford,41.7658,-72.6734,25540,1992,507057
CT-Hartford,41.7658,-72.6734,25540,1993,501150
CT-Hartford,41.7658,-72.6734,25540,1994,493215
CT-Hartford,41.7658,-72.6734,25540,1995,482327
CT-Hartford,41.7658,-72.6734,25540,1996,482515
CT-Hartford,41.7658,-72.6734,25540,1997,484638
CT-Hartford,41.7658,-72.6734,25540,1998,487341
CT-Hartford,41.7658,-72.6734,25540,1999,494994
CT-Hartford,41.7658,-72.6734,25540,2000,508607
CT-Hartford,41.7658,-72.6734,25540,2001,503499
CT-Hartford,41.7658,-72.6734,25540,2002,497999
CT-Hartford,41.7658,-72.6734,25540,2003,492854
CT-Hartford,41.7658,-72.6734,25540,2004,492111
CT-Hartford,41.7658,-72.6734,25540,2005,500183
CT-Hartford,41.7658,-72.6734,25540,2006,512390
CT-Hartford,41.7658,-72.6734,25540,2007,520143
CT-Hartford,41.7658,-72.6734,25540,2008,522554
CT-Hartford,41.7658,-72.6734,25540,2009,514787
CT-Hartford,41.7658,-72.6734,25540,2010,518751
CT-Hartford,41.7658,-72.6734,25540,2011,521346
CT-Hartford,41.7658,-72.6734,25540,2012,516210
CT-Hartford,41.7658,-72.6734,25540,2013,515056
CT-Hartford,41.7658,-72.6734,25540,2014,526035
CT-Hartford,41.7658,-72.6734,25540,2015,532567
CT-Hartford,41.7658,-72.6734,25540,2016,535891
CT-Hartford,41.7658,-72.6734,25540,2017,547826
UT-Salt Lake City,40.7608,-111.891,41620,1990,357125
UT-Salt Lake City,40.7608,-111.891,41620,1991,367107
UT-Salt Lake City,40.7608,-111.891,41620,1992,381651
UT-Salt Lake City,40.7608,-111.891,41620,1993,406071
UT-Salt Lake City,40.7608,-111.891,41620,1994,426786
UT-Salt Lake City,40.7608,-111.891,41620,1995,440443
UT-Salt Lake City,40.7608,-111.891,41620,1996,447880
UT-Salt Lake City,40.7608,-111.891,41620,1997,461067
UT-Salt Lake City,40.7608,-111.891,41620,1998,467234
UT-Salt Lake City,40.7608,-111.891,41620,1999,474240
UT-Salt Lake City,40.7608,-111.891,41620,2000,471013
UT-Salt Lake City,40.7608,-111.891,41620,2001,470934
UT-Salt Lake City,40.7608,-111.891,41620,2002,465786
UT-Salt Lake City,40.7608,-111.891,41620,2003,467810
UT-Salt Lake City,40.7608,-111.891,41620,2004,475564
UT-Salt Lake City,40.7608,-111.891,41620,2005,496679
UT-Salt Lake City,40.7608,-111.891,41620,2006,519133
UT-Salt Lake City,40.7608,-111.891,41620,2007,536924
UT-Salt Lake City,40.7608,-111.891,41620,2008,538772
UT-Salt Lake City,40.7608,-111.891,41620,2009,514653
UT-Salt Lake City,40.7608,-111.891,41620,2010,506309
UT-Salt Lake City,40.7608,-111.891,41620,2011,510115
UT-Salt Lake City,40.7608,-111.891,41620,2012,527250
UT-Salt Lake City,40.7608,-111.891,41620,2013,545696
UT-Salt Lake City,40.7608,-111.891,41620,2014,555463
UT-Salt Lake City,40.7608,-111.891,41620,2015,567423
UT-Salt Lake City,40.7608,-111.891,41620,2016,586393
UT-Salt Lake City,40.7608,-111.891,41620,2017,602541
AL-Brimingham,33.5207,-86.8025,13820,1990,346859
AL-Brimingham,33.5207,-86.8025,13820,1991,346603
AL-Brimingham,33.5207,-86.8025,13820,1992,352117
AL-Brimingham,33.5207,-86.8025,13820,1993,358506
AL-Brimingham,33.5207,-86.8025,13820,1994,368079
AL-Brimingham,33.5207,-86.8025,13820,1995,377851
AL-Brimingham,33.5207,-86.8025,13820,1996,385135
AL-Brimingham,33.5207,-86.8025,13820,1997,396446
AL-Brimingham,33.5207,-86.8025,13820,1998,402196
AL-Brimingham,33.5207,-86.8025,13820,1999,402388
AL-Brimingham,33.5207,-86.8025,13820,2000,396020
AL-Brimingham,33.5207,-86.8025,13820,2001,393446
AL-Brimingham,33.5207,-86.8025,13820,2002,388018
AL-Brimingham,33.5207,-86.8025,13820,2003,388426
AL-Brimingham,33.5207,-86.8025,13820,2004,391695
AL-Brimingham,33.5207,-86.8025,13820,2005,395043
AL-Brimingham,33.5207,-86.8025,13820,2006,399725
AL-Brimingham,33.5207,-86.8025,13820,2007,399646
AL-Brimingham,33.5207,-86.8025,13820,2008,392167
AL-Brimingham,33.5207,-86.8025,13820,2009,366026
AL-Brimingham,33.5207,-86.8025,13820,2010,380737
AL-Brimingham,33.5207,-86.8025,13820,2011,387643
AL-Brimingham,33.5207,-86.8025,13820,2012,393178
AL-Brimingham,33.5207,-86.8025,13820,2013,395417
AL-Brimingham,33.5207,-86.8025,13820,2014,395127
AL-Brimingham,33.5207,-86.8025,13820,2015,394191
AL-Brimingham,33.5207,-86.8025,13820,2016,396252
AL-Brimingham,33.5207,-86.8025,13820,2017,401774
NY-Buffalo,42.8864,-78.8784,15380,1990,0
NY-Buffalo,42.8864,-78.8784,15380,1991,0
NY-Buffalo,42.8864,-78.8784,15380,1992,0
NY-Buffalo,42.8864,-78.8784,15380,1993,0
NY-Buffalo,42.8864,-78.8784,15380,1994,0
NY-Buffalo,42.8864,-78.8784,15380,1995,0
NY-Buffalo,42.8864,-78.8784,15380,1996,0
NY-Buffalo,42.8864,-78.8784,15380,1997,0
NY-Buffalo,42.8864,-78.8784,15380,1998,0
NY-Buffalo,42.8864,-78.8784,15380,1999,0
NY-Buffalo,42.8864,-78.8784,15380,2000,0
NY-Buffalo,42.8864,-78.8784,15380,2001,0
NY-Buffalo,42.8864,-78.8784,15380,2002,0
NY-Buffalo,42.8864,-78.8784,15380,2003,0
NY-Buffalo,42.8864,-78.8784,15380,2004,0
NY-Buffalo,42.8864,-78.8784,15380,2005,0
NY-Buffalo,42.8864,-78.8784,15380,2006,0
NY-Buffalo,42.8864,-78.8784,15380,2007,0
NY-Buffalo,42.8864,-78.8784,15380,2008,0
NY-Buffalo,42.8864,-78.8784,15380,2009,0
NY-Buffalo,42.8864,-78.8784,15380,2010,0
NY-Buffalo,42.8864,-78.8784,15380,2011,0
NY-Buffalo,42.8864,-78.8784,15380,2012,0
NY-Buffalo,42.8864,-78.8784,15380,2013,0
NY-Buffalo,42.8864,-78.8784,15380,2014,0
NY-Buffalo,42.8864,-78.8784,15380,2015,0
NY-Buffalo,42.8864,-78.8784,15380,2016,0
NY-Buffalo,42.8864,-78.8784,15380,2017,0
NY-Rochester,43.1566,-77.6088,40380,1990,407992
NY-Rochester,43.1566,-77.6088,40380,1991,408078
NY-Rochester,43.1566,-77.6088,40380,1992,406828
NY-Rochester,43.1566,-77.6088,40380,1993,412173
NY-Rochester,43.1566,-77.6088,40380,1994,410999
NY-Rochester,43.1566,-77.6088,40380,1995,412087
NY-Rochester,43.1566,-77.6088,40380,1996,417091
NY-Rochester,43.1566,-77.6088,40380,1997,423698
NY-Rochester,43.1566,-77.6088,40380,1998,425263
NY-Rochester,43.1566,-77.6088,40380,1999,420127
NY-Rochester,43.1566,-77.6088,40380,2000,408701
NY-Rochester,43.1566,-77.6088,40380,2001,404622
NY-Rochester,43.1566,-77.6088,40380,2002,401908
NY-Rochester,43.1566,-77.6088,40380,2003,399444
NY-Rochester,43.1566,-77.6088,40380,2004,400093
NY-Rochester,43.1566,-77.6088,40380,2005,405876
NY-Rochester,43.1566,-77.6088,40380,2006,405298
NY-Rochester,43.1566,-77.6088,40380,2007,401876
NY-Rochester,43.1566,-77.6088,40380,2008,402776
NY-Rochester,43.1566,-77.6088,40380,2009,389653
NY-Rochester,43.1566,-77.6088,40380,2010,391073
NY-Rochester,43.1566,-77.6088,40380,2011,387632
NY-Rochester,43.1566,-77.6088,40380,2012,389172
NY-Rochester,43.1566,-77.6088,40380,2013,389930
NY-Rochester,43.1566,-77.6088,40380,2014,387148
NY-Rochester,43.1566,-77.6088,40380,2015,389962
NY-Rochester,43.1566,-77.6088,40380,2016,388808
NY-Rochester,43.1566,-77.6088,40380,2017,388004
MI-Grand Rapids,42.9634,-85.6681,24340,1990,0
MI-Grand Rapids,42.9634,-85.6681,24340,1991,0
MI-Grand Rapids,42.9634,-85.6681,24340,1992,0
MI-Grand Rapids,42.9634,-85.6681,24340,1993,0
MI-Grand Rapids,42.9634,-85.6681,24340,1994,0
MI-Grand Rapids,42.9634,-85.6681,24340,1995,0
MI-Grand Rapids,42.9634,-85.6681,24340,1996,0
MI-Grand Rapids,42.9634,-85.6681,24340,1997,0
MI-Grand Rapids,42.9634,-85.6681,24340,1998,0
MI-Grand Rapids,42.9634,-85.6681,24340,1999,0
MI-Grand Rapids,42.9634,-85.6681,24340,2000,0
MI-Grand Rapids,42.9634,-85.6681,24340,2001,0
MI-Grand Rapids,42.9634,-85.6681,24340,2002,0
MI-Grand Rapids,42.9634,-85.6681,24340,2003,0
MI-Grand Rapids,42.9634,-85.6681,24340,2004,0
MI-Grand Rapids,42.9634,-85.6681,24340,2005,0
MI-Grand Rapids,42.9634,-85.6681,24340,2006,0
MI-Grand Rapids,42.9634,-85.6681,24340,2007,0
MI-Grand Rapids,42.9634,-85.6681,24340,2008,0
MI-Grand Rapids,42.9634,-85.6681,24340,2009,0
MI-Grand Rapids,42.9634,-85.6681,24340,2010,0
MI-Grand Rapids,42.9634,-85.6681,24340,2011,0
MI-Grand Rapids,42.9634,-85.6681,24340,2012,0
MI-Grand Rapids,42.9634,-85.6681,24340,2013,0
MI-Grand Rapids,42.9634,-85.6681,24340,2014,0
MI-Grand Rapids,42.9634,-85.6681,24340,2015,0
MI-Grand Rapids,42.9634,-85.6681,24340,2016,0
MI-Grand Rapids,42.9634,-85.6681,24340,2017,0
AZ-Tucson,32.2226,-110.9747,46060,1990,0
AZ-Tucson,32.2226,-110.9747,46060,1991,0
AZ-Tucson,32.2226,-110.9747,46060,1992,0
AZ-Tucson,32.2226,-110.9747,46060,1993,0
AZ-Tucson,32.2226,-110.9747,46060,1994,0
AZ-Tucson,32.2226,-110.9747,46060,1995,0
AZ-Tucson,32.2226,-110.9747,46060,1996,0
AZ-Tucson,32.2226,-110.9747,46060,1997,0
AZ-Tucson,32.2226,-110.9747,46060,1998,0
AZ-Tucson,32.2226,-110.9747,46060,1999,0
AZ-Tucson,32.2226,-110.9747,46060,2000,0
AZ-Tucson,32.2226,-110.9747,46060,2001,0
AZ-Tucson,32.2226,-110.9747,46060,2002,0
AZ-Tucson,32.2226,-110.9747,46060,2003,0
AZ-Tucson,32.2226,-110.9747,46060,2004,0
AZ-Tucson,32.2226,-110.9747,46060,2005,0
AZ-Tucson,32.2226,-110.9747,46060,2006,0
AZ-Tucson,32.2226,-110.9747,46060,2007,0
AZ-Tucson,32.2226,-110.9747,46060,2008,0
AZ-Tucson,32.2226,-110.9747,46060,2009,0
AZ-Tucson,32.2226,-110.9747,46060,2010,0
AZ-Tucson,32.2226,-110.9747,46060,2011,0
AZ-Tucson,32.2226,-110.9747,46060,2012,0
AZ-Tucson,32.2226,-110.9747,46060,2013,0
AZ-Tucson,32.2226,-110.9747,46060,2014,0
AZ-Tucson,32.2226,-110.9747,46060,2015,0
AZ-Tucson,32.2226,-110.9747,46060,2016,0
AZ-Tucson,32.2226,-110.9747,46060,2017,0
