Region,Lat,Long,CBSA_Code,Pop_Density,Yr_1970,Yr_1971,Yr_1972,Yr_1973,Yr_1974,Yr_1975,Yr_1976,Yr_1977,Yr_1978,Yr_1979,Yr_1980,Yr_1981,Yr_1982,Yr_1983,Yr_1984,Yr_1985,Yr_1986,Yr_1987,Yr_1988,Yr_1989,Yr_1990,Yr_1991,Yr_1992,Yr_1993,Yr_1994,Yr_1995,Yr_1996,Yr_1997,Yr_1998,Yr_1999,Yr_2000,Yr_2001,Yr_2002,Yr_2003,Yr_2004,Yr_2005,Yr_2006,Yr_2007,Yr_2008,Yr_2009,Yr_2010,Yr_2011,Yr_2012,Yr_2013,Yr_2014,Yr_2015,Yr_2016,Yr_2017
NY-NYC,40.7128,-74.006,35620,9261.47,"17,534,084.00","17,619,551.00","17,585,345.00","17,443,586.00","17,332,526.00","17,261,647.00","17,196,329.00","17,073,936.00","16,964,439.00","16,902,199.00","16,880,628.00","16,912,862.00","16,953,212.00","17,083,874.00","17,184,785.00","17,262,810.00","17,348,480.00","17,406,150.00","17,454,551.00","17,442,721.00","17,457,943.00","17,552,994.00","17,695,120.00","17,857,808.00","17,992,928.00","18,134,488.00","18,276,694.00","18,435,323.00","18,613,907.00","18,806,645.00","18,980,010.00","19,109,150.00","19,195,261.00","19,248,311.00","19,253,664.00","19,227,714.00","19,200,372.00","19,236,108.00","19,338,823.00","19,469,123.00","19,602,914.00","19,763,868.00","19,897,967.00","20,023,110.00","20,125,350.00","20,215,694.00","20,275,179.00","20,320,876.00"
CA-LA,34.0522,-118.2437,31080,3113.65,"8,488,140.00","8,587,856.00","8,593,411.00","8,647,583.00","8,754,846.00","8,842,481.00","8,984,351.00","9,063,773.00","9,204,879.00","9,292,971.00","9,450,553.00","9,613,596.00","9,813,345.00","10,009,837.00","10,165,046.00","10,354,834.00","10,622,527.00","10,835,329.00","11,000,784.00","11,177,629.00","11,297,143.00","11,400,816.00","11,552,438.00","11,632,798.00","11,663,207.00","11,692,693.00","11,771,038.00","11,915,815.00","12,086,776.00","12,253,223.00","12,392,704.00","12,511,491.00","12,614,158.00","12,696,521.00","12,734,974.00","12,726,428.00","12,670,216.00","12,631,988.00","12,692,740.00","12,774,577.00","12,841,606.00","12,939,463.00","13,041,538.00","13,132,253.00","13,209,445.00","13,283,824.00","13,328,261.00","13,353,907.00"
IL-Chicago,41.8781,-87.6298,16980,1314.16,"7,897,157.00","7,955,378.00","7,972,456.00","7,966,163.00","7,973,410.00","7,988,617.00","8,014,950.00","8,047,498.00","8,067,878.00","8,055,226.00","8,051,510.00","8,038,127.00","8,047,498.00","8,044,576.00","8,067,951.00","8,072,062.00","8,078,102.00","8,099,060.00","8,116,756.00","8,153,134.00","8,203,210.00","8,304,560.00","8,412,788.00","8,512,911.00","8,605,735.00","8,693,383.00","8,782,253.00","8,862,719.00","8,949,190.00","9,035,654.00","9,113,234.00","9,169,580.00","9,206,032.00","9,233,303.00","9,260,676.00","9,276,302.00","9,297,749.00","9,337,140.00","9,384,555.00","9,429,498.00","9,471,312.00","9,497,177.00","9,525,765.00","9,548,402.00","9,560,874.00","9,557,503.00","9,546,326.00","9,533,040.00"
TX-Dallas,32.7767,-96.797,19100,696.73,"2,438,404.00","2,478,750.00","2,494,422.00","2,549,172.00","2,621,422.00","2,668,524.00","2,738,615.00","2,792,253.00","2,860,233.00","2,944,562.00","3,057,002.00","3,141,230.00","3,255,040.00","3,366,586.00","3,483,766.00","3,624,948.00","3,762,023.00","3,846,512.00","3,893,133.00","3,953,095.00","4,043,744.00","4,144,813.00","4,231,065.00","4,321,701.00","4,426,050.00","4,536,179.00","4,664,290.00","4,808,429.00","4,957,705.00","5,101,405.00","5,235,385.00","5,376,413.00","5,482,944.00","5,575,785.00","5,666,333.00","5,776,543.00","5,942,755.00","6,081,907.00","6,211,115.00","6,341,740.00","6,451,833.00","6,571,537.00","6,706,020.00","6,817,243.00","6,950,715.00","7,101,031.00","7,253,424.00","7,399,662.00"
TX-Houston,29.7604,-95.3698,26420,708.57,"2,211,060.00","2,274,946.00","2,333,119.00","2,401,819.00","2,479,906.00","2,587,562.00","2,696,160.00","2,800,461.00","2,915,424.00","3,032,581.00","3,171,543.00","3,309,378.00","3,504,928.00","3,605,395.00","3,622,641.00","3,628,585.00","3,668,133.00","3,626,057.00","3,615,287.00","3,670,096.00","3,775,620.00","3,884,885.00","3,989,770.00","4,075,564.00","4,153,355.00","4,227,574.00","4,314,589.00","4,407,210.00","4,513,913.00","4,622,857.00","4,717,507.00","4,817,815.00","4,937,081.00","5,036,393.00","5,132,602.00","5,233,729.00","5,423,615.00","5,540,882.00","5,676,381.00","5,826,108.00","5,947,419.00","6,057,947.00","6,183,726.00","6,329,553.00","6,496,862.00","6,664,187.00","6,798,010.00","6,892,427.00"
MD-DC-VA,38.9072,-77.0369,47900,2610.65,"3,178,124.00","3,228,453.00","3,297,980.00","3,317,554.00","3,329,117.00","3,354,926.00","3,374,218.00","3,382,190.00","3,411,446.00","3,418,606.00","3,440,935.00","3,501,304.00","3,543,652.00","3,595,896.00","3,672,392.00","3,752,824.00","3,846,466.00","3,947,707.00","4,045,698.00","4,121,544.00","4,173,328.00","4,235,129.00","4,300,061.00","4,362,043.00","4,422,005.00","4,476,203.00","4,536,908.00","4,602,056.00","4,672,330.00","4,763,645.00","4,863,388.00","4,970,350.00","5,055,829.00","5,124,633.00","5,199,870.00","5,273,577.00","5,318,889.00","5,372,905.00","5,445,083.00","5,547,895.00","5,665,822.00","5,776,374.00","5,872,266.00","5,962,487.00","6,029,555.00","6,091,497.00","6,150,537.00","6,215,895.00"
PA-Philadelphia,39.9526,-75.1652,37980,2148.24,"5,331,284.00","5,362,224.00","5,353,856.00","5,317,946.00","5,295,961.00","5,288,594.00","5,280,960.00","5,264,763.00","5,247,406.00","5,248,337.00","5,243,721.00","5,250,308.00","5,257,021.00","5,261,673.00","5,279,132.00","5,294,459.00","5,335,408.00","5,383,458.00","5,421,401.00","5,434,519.00","5,445,186.00","5,479,918.00","5,503,640.00","5,533,081.00","5,562,336.00","5,586,177.00","5,602,154.00","5,615,600.00","5,640,015.00","5,665,210.00","5,691,968.00","5,713,954.00","5,743,383.00","5,773,864.00","5,804,535.00","5,829,139.00","5,856,125.00","5,882,126.00","5,906,917.00","5,941,539.00","5,971,189.00","5,996,406.00","6,020,821.00","6,035,329.00","6,053,028.00","6,066,589.00","6,077,152.00","6,096,120.00"
FL-Miami,25.7617,-80.1918,33100,1143.53,"2,262,454.00","2,364,733.00","2,478,805.00","2,604,625.00","2,745,934.00","2,837,565.00","2,884,069.00","2,937,610.00","3,002,948.00","3,121,936.00","3,255,108.00","3,386,320.00","3,449,748.00","3,506,543.00","3,560,287.00","3,632,839.00","3,709,290.00","3,797,122.00","3,891,771.00","3,984,028.00","4,078,578.00","4,176,731.00","4,262,995.00","4,340,175.00","4,445,162.00","4,547,191.00","4,652,414.00","4,750,249.00","4,836,853.00","4,932,004.00","5,025,895.00","5,110,780.00","5,197,205.00","5,261,713.00","5,336,368.00","5,411,148.00","5,429,748.00","5,422,987.00","5,454,633.00","5,504,624.00","5,583,888.00","5,696,288.00","5,780,894.00","5,862,992.00","5,943,656.00","6,026,044.00","6,107,433.00","6,158,824.00"
GA-Atlanta,33.749,-84.388,12060,666.38,"1,864,741.00","1,923,562.00","1,986,378.00","2,055,163.00","2,109,336.00","2,127,699.00","2,152,827.00","2,194,278.00","2,234,895.00","2,295,682.00","2,351,461.00","2,403,399.00","2,453,630.00","2,516,560.00","2,593,867.00","2,689,451.00","2,784,922.00","2,881,785.00","2,965,369.00","3,033,138.00","3,104,221.00","3,195,398.00","3,291,991.00","3,402,250.00","3,523,718.00","3,644,699.00","3,765,817.00","3,888,398.00","4,021,410.00","4,157,862.00","4,293,475.00","4,402,455.00","4,489,288.00","4,572,541.00","4,659,574.00","4,770,870.00","4,931,848.00","5,066,356.00","5,170,099.00","5,240,828.00","5,303,327.00","5,373,016.00","5,451,561.00","5,517,034.00","5,605,117.00","5,702,331.00","5,795,723.00","5,884,736.00"
MA-Boston,42.3601,-71.0589,14460,3493.13,"3,925,960.00","3,953,785.00","3,980,350.00","3,982,923.00","3,969,715.00","3,953,510.00","3,946,727.00","3,947,480.00","3,944,292.00","3,942,627.00","3,947,536.00","3,966,831.00","3,977,190.00","4,006,658.00","4,038,684.00","4,071,846.00","4,088,631.00","4,104,797.00","4,125,311.00","4,139,508.00","4,137,302.00","4,128,150.00","4,137,692.00","4,163,698.00","4,189,180.00","4,230,795.00","4,265,564.00","4,302,696.00","4,337,751.00","4,369,743.00","4,401,256.00","4,432,132.00","4,440,034.00","4,434,723.00","4,424,956.00","4,418,046.00","4,427,356.00","4,447,838.00","4,483,141.00","4,527,220.00","4,565,220.00","4,608,303.00","4,653,023.00","4,699,912.00","4,741,544.00","4,775,755.00","4,805,942.00","4,836,531.00"
CA-San Francisco,37.7749,-122.4194,41860,4555.06,"3,111,229.00","3,119,238.00","3,134,638.00","3,146,214.00","3,152,351.00","3,158,336.00","3,187,020.00","3,199,296.00","3,213,627.00","3,226,422.00","3,257,524.00","3,295,801.00","3,333,983.00","3,386,083.00","3,428,076.00","3,479,469.00","3,523,875.00","3,558,980.00","3,603,418.00","3,656,983.00","3,719,675.00","3,760,370.00","3,805,588.00","3,839,619.00","3,859,905.00","3,883,894.00","3,923,208.00","3,985,694.00","4,045,185.00","4,089,620.00","4,135,875.00","4,174,788.00","4,158,544.00","4,145,965.00","4,133,400.00","4,137,858.00","4,148,724.00","4,183,637.00","4,243,932.00","4,302,830.00","4,344,810.00","4,399,218.00","4,463,172.00","4,528,717.00","4,595,964.00","4,657,985.00","4,699,077.00","4,727,357.00"
AZ-Phoenix,33.4484,-112.074,38060,242.45,"1,051,880.00","1,100,221.00","1,163,970.00","1,237,666.00","1,301,948.00","1,337,678.00","1,366,413.00","1,416,923.00","1,476,479.00","1,546,337.00","1,612,899.00","1,658,994.00","1,708,659.00","1,761,814.00","1,837,456.00","1,931,973.00","2,013,324.00","2,102,567.00","2,162,656.00","2,217,534.00","2,249,116.00","2,319,206.00","2,398,760.00","2,491,818.00","2,613,502.00","2,744,046.00","2,855,711.00","2,963,714.00","3,074,532.00","3,178,349.00","3,273,477.00","3,363,736.00","3,452,470.00","3,536,388.00","3,637,332.00","3,774,696.00","3,914,212.00","4,018,128.00","4,106,372.00","4,153,609.00","4,204,148.00","4,247,852.00","4,321,686.00","4,390,565.00","4,470,712.00","4,558,145.00","4,648,498.00","4,737,270.00"
CA-Riverside,33.9806,-117.3755,40140,202.65,"1,145,544.00","1,171,158.00","1,189,471.00","1,202,184.00","1,229,744.00","1,248,569.00","1,282,521.00","1,347,624.00","1,435,730.00","1,496,853.00","1,572,726.00","1,626,179.00","1,686,600.00","1,743,460.00","1,811,014.00","1,897,928.00","1,995,378.00","2,122,249.00","2,267,156.00","2,437,486.00","2,630,471.00","2,739,150.00","2,821,341.00","2,864,517.00","2,905,505.00","2,949,807.00","2,990,316.00","3,042,372.00","3,108,220.00","3,189,513.00","3,277,022.00","3,377,365.00","3,486,938.00","3,617,771.00","3,755,607.00","3,875,709.00","3,986,510.00","4,067,344.00","4,113,447.00","4,160,685.00","4,243,235.00","4,298,271.00","4,341,405.00","4,378,138.00","4,425,776.00","4,472,874.00","4,523,653.00","4,580,670.00"
MI-Detroit,42.3314,-83.0458,19820,1163.87,"4,439,985.00","4,459,766.00","4,453,499.00","4,435,768.00","4,422,065.00","4,394,443.00","4,361,561.00","4,351,969.00","4,356,610.00","4,356,801.00","4,339,047.00","4,275,745.00","4,223,103.00","4,185,050.00","4,182,756.00","4,195,984.00","4,219,758.00","4,241,506.00","4,234,092.00","4,237,899.00","4,250,986.00","4,285,663.00","4,319,806.00","4,344,712.00","4,365,423.00","4,399,746.00","4,433,102.00","4,440,400.00","4,441,717.00","4,447,649.00","4,455,503.00","4,461,855.00","4,456,433.00","4,453,371.00","4,445,887.00","4,431,048.00","4,409,697.00","4,377,116.00","4,339,504.00","4,311,728.00","4,291,287.00","4,288,618.00","4,295,646.00","4,298,541.00","4,303,366.00","4,302,282.00","4,305,869.00","4,313,002.00"
WA-Seattle,83.0458,-122.3321,42660,577,"1,836,586.00","1,835,185.00","1,806,085.00","1,800,969.00","1,833,966.00","1,866,267.00","1,886,228.00","1,916,690.00","1,971,115.00","2,032,121.00","2,105,707.00","2,151,689.00","2,177,909.00","2,188,095.00","2,216,023.00","2,258,022.00","2,301,016.00","2,356,243.00","2,426,400.00","2,493,220.00","2,578,807.00","2,630,705.00","2,690,858.00","2,740,325.00","2,774,159.00","2,814,630.00","2,856,795.00","2,918,071.00","2,978,761.00","3,019,651.00","3,052,187.00","3,092,927.00","3,118,302.00","3,133,021.00","3,158,967.00","3,198,265.00","3,257,081.00","3,304,467.00","3,355,042.00","3,414,797.00","3,448,049.00","3,496,870.00","3,552,220.00","3,610,580.00","3,667,189.00","3,728,606.00","3,802,660.00","3,867,046.00"
MI-Minneapolis,44.9778,-93.265,33460,600.19,"2,084,715.00","2,104,259.00","2,107,887.00","2,125,906.00","2,145,056.00","2,154,251.00","2,167,953.00","2,179,302.00","2,200,154.00","2,224,740.00","2,264,687.00","2,291,958.00","2,317,215.00","2,331,871.00","2,354,981.00","2,390,968.00","2,428,153.00","2,468,884.00","2,523,554.00","2,562,414.00","2,606,156.00","2,646,336.00","2,688,729.00","2,734,239.00","2,776,675.00","2,819,211.00","2,861,505.00","2,903,107.00","2,946,520.00","2,994,735.00","3,044,425.00","3,086,645.00","3,116,197.00","3,143,413.00","3,171,902.00","3,199,046.00","3,234,367.00","3,269,613.00","3,301,252.00","3,330,508.00","3,355,196.00","3,388,629.00","3,422,188.00","3,458,299.00","3,493,226.00","3,521,325.00","3,557,276.00","3,600,618.00"
CA-San Diego ,32.7157,-117.1611,41740,735.8,"1,364,665.00","1,391,925.00","1,433,123.00","1,499,591.00","1,540,668.00","1,616,904.00","1,642,781.00","1,715,516.00","1,775,406.00","1,827,598.00","1,875,284.00","1,927,017.00","1,972,358.00","2,018,133.00","2,066,418.00","2,126,092.00","2,196,830.00","2,275,305.00","2,364,290.00","2,444,387.00","2,512,365.00","2,553,122.00","2,593,126.00","2,599,776.00","2,614,685.00","2,623,697.00","2,651,549.00","2,692,600.00","2,736,720.00","2,789,593.00","2,827,366.00","2,869,672.00","2,900,355.00","2,914,702.00","2,930,007.00","2,938,375.00","2,947,289.00","2,975,742.00","3,022,116.00","3,061,203.00","3,103,793.00","3,139,767.00","3,179,798.00","3,216,522.00","3,256,875.00","3,290,044.00","3,317,200.00","3,337,685.00"
FL-Tampa Bay,27.7634,-82.5437,45300,1385.05,"1,120,573.00","1,180,721.00","1,251,914.00","1,333,551.00","1,394,491.00","1,425,848.00","1,452,429.00","1,478,253.00","1,517,774.00","1,573,359.00","1,627,499.00","1,677,408.00","1,722,725.00","1,774,387.00","1,825,792.00","1,877,005.00","1,923,599.00","1,967,211.00","2,005,543.00","2,039,327.00","2,077,857.00","2,110,974.00","2,135,204.00","2,163,912.00","2,194,294.00","2,226,036.00","2,256,460.00","2,297,251.00","2,336,822.00","2,369,105.00","2,404,013.00","2,444,015.00","2,487,445.00","2,529,652.00","2,587,771.00","2,651,580.00","2,699,935.00","2,726,780.00","2,746,981.00","2,763,937.00","2,788,500.00","2,829,142.00","2,847,187.00","2,872,530.00","2,916,839.00","2,973,756.00","3,036,525.00","3,091,399.00"
CO-Denver,39.7392,-104.9903,19740,1035.6,"1,127,385.00","1,162,752.00","1,205,728.00","1,247,879.00","1,262,790.00","1,285,563.00","1,316,552.00","1,343,657.00","1,390,232.00","1,432,046.00","1,461,178.00","1,497,995.00","1,541,283.00","1,578,685.00","1,600,242.00","1,623,118.00","1,637,266.00","1,644,581.00","1,638,278.00","1,639,412.00","1,658,024.00","1,702,298.00","1,760,945.00","1,819,298.00","1,862,948.00","1,910,680.00","1,959,552.00","2,012,227.00","2,061,091.00","2,118,555.00","2,192,840.00","2,241,381.00","2,266,781.00","2,284,876.00","2,304,818.00","2,332,749.00","2,374,194.00","2,418,686.00","2,463,971.00","2,509,417.00","2,554,399.00","2,599,629.00","2,646,151.00","2,696,308.00","2,749,827.00","2,807,211.00","2,851,848.00","2,888,227.00"
MO-St Louis,38.627,-90.1994,41180,1009.92,"2,519,923.00","2,514,249.00","2,506,045.00","2,493,673.00","2,483,271.00","2,483,266.00","2,483,149.00","2,476,447.00","2,479,878.00","2,484,537.00","2,487,087.00","2,487,371.00","2,481,526.00","2,484,810.00","2,496,978.00","2,513,858.00","2,529,029.00","2,543,759.00","2,552,780.00","2,554,884.00","2,565,020.00","2,579,363.00","2,590,410.00","2,605,968.00","2,616,756.00","2,629,433.00","2,640,161.00","2,651,165.00","2,657,031.00","2,666,413.00","2,678,822.00","2,690,131.00","2,700,121.00","2,711,031.00","2,721,868.00","2,730,316.00","2,744,265.00","2,755,581.00","2,767,776.00","2,779,404.00","2,789,860.00","2,793,774.00","2,796,137.00","2,799,644.00","2,803,901.00","2,807,321.00","2,806,782.00","2,807,338.00"
MA-Baltimore,39.2904,-76.6122,12580,1788.54,"2,097,942.00","2,132,085.00","2,152,227.00","2,167,914.00","2,179,406.00","2,184,327.00","2,188,962.00","2,201,876.00","2,204,364.00","2,209,147.00","2,202,596.00","2,214,435.00","2,220,754.00","2,228,435.00","2,244,739.00","2,255,978.00","2,285,656.00","2,309,718.00","2,340,868.00","2,360,609.00","2,390,543.00","2,418,136.00","2,440,078.00","2,458,038.00","2,475,364.00","2,490,370.00","2,501,453.00","2,513,492.00","2,525,266.00","2,540,307.00","2,557,958.00","2,575,471.00","2,596,501.00","2,614,232.00","2,630,946.00","2,644,231.00","2,658,162.00","2,667,619.00","2,679,819.00","2,696,018.00","2,715,503.00","2,734,969.00","2,756,285.00","2,771,586.00","2,784,424.00","2,795,036.00","2,801,028.00","2,808,175.00"
SC-Charlotte,35.2271,-80.8431,16740,1069.36,"990,008.00","1,007,531.00","1,027,936.00","1,042,980.00","1,054,009.00","1,058,533.00","1,065,605.00","1,076,259.00","1,095,021.00","1,115,283.00","1,142,287.00","1,159,802.00","1,176,760.00","1,186,633.00","1,206,705.00","1,229,880.00","1,247,721.00","1,272,220.00","1,297,138.00","1,320,610.00","1,349,847.00","1,380,932.00","1,405,306.00","1,435,716.00","1,470,366.00","1,509,023.00","1,550,697.00","1,594,838.00","1,639,936.00","1,686,617.00","1,728,616.00","1,769,476.00","1,806,638.00","1,841,489.00","1,880,010.00","1,934,168.00","2,009,239.00","2,086,153.00","2,151,756.00","2,195,856.00","2,223,196.00","2,256,180.00","2,293,822.00","2,334,036.00","2,376,148.00","2,424,115.00","2,475,519.00","2,525,305.00"
FL-Orlando,28.5383,-81.3792,36740,1740.68,"529,786.00","558,701.00","599,810.00","644,145.00","680,516.00","689,597.00","704,924.00","725,628.00","749,086.00","780,901.00","813,390.00","845,502.00","877,347.00","916,214.00","957,659.00","996,334.00","1,038,450.00","1,082,178.00","1,119,988.00","1,171,419.00","1,240,724.00","1,283,301.00","1,318,902.00","1,357,101.00","1,394,315.00","1,428,415.00","1,469,619.00","1,520,145.00","1,567,910.00","1,607,993.00","1,656,890.00","1,710,359.00","1,760,345.00","1,811,544.00","1,878,077.00","1,955,794.00","2,020,057.00","2,057,865.00","2,087,489.00","2,111,917.00","2,139,317.00","2,176,424.00","2,227,414.00","2,272,175.00","2,327,929.00","2,391,028.00","2,453,333.00","2,509,831.00"
TX-San Antonio,29.4241,-98.4936,41700,351.55,"958,994.00","987,539.00","1,008,840.00","1,038,888.00","1,055,225.00","1,064,503.00","1,083,508.00","1,105,570.00","1,123,901.00","1,138,727.00","1,162,254.00","1,187,117.00","1,222,133.00","1,254,046.00","1,283,934.00","1,317,430.00","1,356,676.00","1,387,994.00","1,394,461.00","1,401,289.00","1,410,902.00","1,434,060.00","1,465,365.00","1,498,269.00","1,535,185.00","1,570,083.00","1,599,427.00","1,628,676.00","1,659,847.00","1,689,009.00","1,720,003.00","1,748,123.00","1,784,153.00","1,815,846.00","1,857,602.00","1,896,328.00","1,956,361.00","2,011,543.00","2,061,275.00","2,105,672.00","2,152,961.00","2,193,620.00","2,236,395.00","2,279,878.00","2,328,419.00","2,379,054.00","2,426,211.00","2,473,974.00"
OR-Portland,45.5122,-122.6587,38900,555.2,"1,086,648.00","1,105,363.00","1,134,271.00","1,157,782.00","1,174,818.00","1,192,513.00","1,213,099.00","1,242,447.00","1,275,260.00","1,312,323.00","1,347,077.00","1,364,529.00","1,373,347.00","1,371,006.00","1,380,349.00","1,391,434.00","1,409,737.00","1,423,237.00","1,454,151.00","1,487,210.00","1,535,965.00","1,584,767.00","1,625,751.00","1,669,701.00","1,708,216.00","1,749,224.00","1,797,066.00","1,839,867.00","1,875,365.00","1,906,262.00","1,934,792.00","1,971,152.00","2,002,918.00","2,024,115.00","2,039,297.00","2,067,325.00","2,103,164.00","2,137,828.00","2,172,853.00","2,206,737.00","2,231,876.00","2,258,821.00","2,285,177.00","2,309,289.00","2,342,444.00","2,382,181.00","2,423,102.00","2,453,168.00"
PA-Pittsburgh,40.4406,-79.9959,38300,727.31,"2,759,836.00","2,760,948.00","2,751,875.00","2,730,062.00","2,703,029.00","2,700,738.00","2,693,973.00","2,683,611.00","2,674,763.00","2,659,646.00","2,647,555.00","2,630,719.00","2,620,326.00","2,606,786.00","2,581,956.00","2,542,680.00","2,516,612.00","2,494,859.00","2,479,875.00","2,469,923.00","2,469,681.00","2,476,980.00","2,486,034.00","2,490,949.00","2,486,989.00","2,480,098.00","2,471,209.00","2,460,208.00","2,449,747.00","2,438,518.00","2,428,303.00","2,417,480.00","2,408,348.00","2,401,168.00","2,389,107.00","2,374,483.00","2,364,039.00","2,358,914.00","2,356,802.00","2,355,432.00","2,356,983.00","2,359,626.00","2,360,263.00","2,359,977.00","2,356,699.00","2,349,139.00","2,341,536.00","2,333,367.00"
CA-Sacremento,38.5816,-121.4944,40900,505.58,"853,293.00","876,063.00","902,662.00","905,852.00","927,325.00","948,860.00","971,064.00","1,000,064.00","1,040,737.00","1,071,492.00","1,106,767.00","1,133,334.00","1,168,546.00","1,193,995.00","1,218,390.00","1,250,753.00","1,285,093.00","1,331,257.00","1,378,889.00","1,428,485.00","1,521,462.00","1,566,994.00","1,591,373.00","1,608,074.00","1,621,444.00","1,645,098.00","1,672,583.00","1,700,488.00","1,731,847.00","1,767,237.00","1,807,949.00","1,866,310.00","1,923,508.00","1,970,542.00","2,008,663.00","2,034,850.00","2,057,885.00","2,082,217.00","2,108,310.00","2,132,657.00","2,153,935.00","2,174,008.00","2,192,724.00","2,213,564.00","2,239,455.00","2,266,892.00","2,295,233.00","2,324,884.00"
OH-Cincinnati,39.1031,-84.512,17140,828.32,"1,683,940.00","1,690,920.00","1,689,444.00","1,699,458.00","1,697,593.00","1,695,148.00","1,704,810.00","1,714,862.00","1,728,393.00","1,735,775.00","1,743,463.00","1,747,043.00","1,751,060.00","1,751,730.00","1,759,684.00","1,769,640.00","1,782,797.00","1,800,479.00","1,811,513.00","1,820,823.00","1,837,214.00","1,858,915.00","1,878,558.00","1,900,124.00","1,913,442.00","1,926,822.00","1,939,779.00","1,956,236.00","1,971,116.00","1,984,493.00","1,999,554.00","2,012,228.00","2,020,396.00","2,031,529.00","2,042,753.00","2,054,879.00","2,069,960.00","2,084,042.00","2,095,040.00","2,107,649.00","2,117,729.00","2,122,544.00","2,128,106.00","2,136,269.00","2,146,562.00","2,155,674.00","2,166,029.00","2,179,082.00"
NV-Las Vegas,36.1699,-115.1398,29820,676.2,"277,230.00","292,999.00","307,421.00","319,395.00","336,925.00","351,336.00","369,517.00","389,956.00","412,904.00","441,350.00","469,200.00","492,744.00","513,706.00","530,198.00","544,895.00","561,074.00","580,772.00","611,756.00","647,414.00","691,470.00","756,170.00","816,085.00","857,357.00","902,338.00","972,624.00","1,035,847.00","1,099,894.00","1,177,230.00","1,251,258.00","1,321,254.00","1,393,909.00","1,460,500.00","1,522,962.00","1,584,166.00","1,662,773.00","1,729,522.00","1,803,774.00","1,867,817.00","1,912,349.00","1,939,407.00","1,952,906.00","1,966,521.00","1,996,290.00","2,026,056.00","2,064,991.00","2,110,330.00","2,156,724.00","2,204,079.00"
MO-Kansas City,39.0997,-94.5786,28140,383.94,"1,420,198.00","1,432,353.00","1,439,852.00","1,454,634.00","1,450,970.00","1,443,828.00","1,452,126.00","1,455,126.00","1,468,794.00","1,475,690.00","1,484,495.00","1,489,783.00","1,494,569.00","1,502,660.00","1,518,790.00","1,536,364.00","1,554,477.00","1,576,596.00","1,593,975.00","1,602,721.00","1,618,905.00","1,636,516.00","1,653,327.00","1,673,964.00","1,693,952.00","1,710,587.00","1,733,398.00","1,756,537.00","1,776,976.00","1,796,711.00","1,817,929.00","1,837,551.00","1,858,778.00","1,875,142.00","1,892,097.00","1,909,428.00","1,931,764.00","1,954,688.00","1,973,888.00","1,994,834.00","2,013,412.00","2,024,880.00","2,038,501.00","2,054,039.00","2,069,602.00","2,085,221.00","2,106,382.00","2,128,912.00"
TX-Austin,30.2672,-97.7431,12420,380.74,"402,976.00","419,249.00","447,987.00","473,368.00","485,983.00","497,350.00","517,671.00","532,036.00","538,659.00","571,514.00","589,647.00","605,956.00","633,458.00","668,309.00","707,651.00","758,505.00","793,119.00","807,400.00","817,161.00","831,845.00","851,898.00","880,678.00","912,833.00","949,788.00","988,925.00","1,031,557.00","1,073,037.00","1,111,264.00","1,155,579.00","1,205,898.00","1,264,950.00","1,321,316.00","1,347,822.00","1,376,030.00","1,410,058.00","1,453,358.00","1,515,485.00","1,577,856.00","1,633,870.00","1,682,338.00","1,727,495.00","1,780,610.00","1,834,566.00","1,883,528.00","1,942,255.00","2,000,784.00","2,060,558.00","2,115,827.00"
OH-Cleveland,41.4993,-81.6944,17460,1128.32,"2,318,953.00","2,312,517.00","2,277,631.00","2,266,055.00","2,247,628.00","2,237,558.00","2,219,925.00","2,213,642.00","2,206,853.00","2,184,605.00","2,172,343.00","2,162,119.00","2,150,684.00","2,146,546.00","2,141,293.00","2,131,241.00","2,120,606.00","2,113,891.00","2,102,073.00","2,103,702.00","2,104,288.00","2,117,512.00","2,131,036.00","2,140,398.00","2,146,303.00","2,150,203.00","2,153,598.00","2,152,676.00","2,151,568.00","2,149,943.00","2,147,532.00","2,141,787.00","2,136,201.00","2,131,150.00","2,122,934.00","2,111,699.00","2,099,415.00","2,091,596.00","2,085,110.00","2,081,063.00","2,075,557.00","2,068,991.00","2,064,711.00","2,065,844.00","2,066,227.00","2,062,842.00","2,060,065.00","2,058,844.00"
OH-Columbus,39.9612,-82.9988,18140,1292.65,"1,224,197.00","1,246,879.00","1,258,529.00","1,271,425.00","1,286,919.00","1,299,633.00","1,302,539.00","1,315,845.00","1,323,895.00","1,330,421.00","1,329,546.00","1,340,612.00","1,343,988.00","1,351,995.00","1,362,120.00","1,374,439.00","1,388,041.00","1,405,634.00","1,430,103.00","1,447,921.00","1,468,263.00","1,492,559.00","1,517,612.00","1,540,611.00","1,560,222.00","1,579,412.00","1,593,111.00","1,613,135.00","1,636,690.00","1,658,194.00","1,682,068.00","1,706,779.00","1,726,352.00","1,749,262.00","1,769,572.00","1,791,126.00","1,816,992.00","1,841,539.00","1,865,647.00","1,887,548.00","1,906,365.00","1,926,142.00","1,946,644.00","1,971,120.00","1,998,460.00","2,023,198.00","2,046,977.00","2,078,725.00"
IN-Indianapolis,39.7684,-86.1581,26900,850.68,"1,287,828.00","1,295,874.00","1,306,512.00","1,311,516.00","1,320,527.00","1,318,412.00","1,322,177.00","1,327,644.00","1,336,990.00","1,342,235.00","1,348,931.00","1,350,656.00","1,351,408.00","1,352,541.00","1,360,970.00","1,367,224.00","1,375,297.00","1,388,475.00","1,398,252.00","1,411,894.00","1,431,307.00","1,457,442.00","1,481,005.00","1,505,485.00","1,529,405.00","1,551,504.00","1,573,626.00","1,594,815.00","1,615,438.00","1,639,509.00","1,663,995.00","1,687,209.00","1,708,018.00","1,729,297.00","1,750,639.00","1,772,959.00","1,800,724.00","1,826,515.00","1,850,321.00","1,873,460.00","1,892,470.00","1,910,429.00","1,928,986.00","1,953,213.00","1,970,850.00","1,986,872.00","2,005,612.00","2,028,614.00"
CA-San Jose,37.3382,-121.8863,41940,710.4,"1,090,661.00","1,119,153.00","1,157,843.00","1,183,574.00","1,184,824.00","1,213,692.00","1,228,574.00","1,254,390.00","1,284,001.00","1,295,695.00","1,326,086.00","1,350,621.00","1,371,961.00","1,401,779.00","1,425,186.00","1,449,920.00","1,461,571.00","1,480,542.00","1,506,609.00","1,534,251.00","1,535,142.00","1,550,447.00","1,570,207.00","1,588,680.00","1,602,152.00","1,622,579.00","1,652,864.00","1,684,121.00","1,708,031.00","1,722,965.00","1,738,728.00","1,742,726.00","1,724,404.00","1,718,790.00","1,718,016.00","1,729,959.00","1,745,283.00","1,766,098.00","1,795,231.00","1,819,573.00","1,842,074.00","1,869,846.00","1,898,569.00","1,928,305.00","1,954,220.00","1,977,584.00","1,990,910.00","1,998,463.00"
TN-Nashville,36.1627,-86.7816,34980,260.77,"796,368.00","806,662.00","831,026.00","842,155.00","859,959.00","879,435.00","891,201.00","909,982.00","930,385.00","948,899.00","966,502.00","974,845.00","980,864.00","990,299.00","1,005,243.00","1,020,612.00","1,041,243.00","1,065,813.00","1,080,716.00","1,094,074.00","1,108,523.00","1,130,775.00","1,155,871.00","1,186,057.00","1,219,138.00","1,250,936.00","1,282,177.00","1,313,031.00","1,338,997.00","1,362,545.00","1,387,417.00","1,409,191.00","1,427,867.00","1,450,015.00","1,478,449.00","1,511,310.00","1,553,397.00","1,592,365.00","1,626,925.00","1,654,243.00","1,675,757.00","1,697,833.00","1,726,698.00","1,757,891.00","1,792,756.00","1,829,513.00","1,868,855.00","1,903,045.00"
VA-Virginia Beach,36.8529,-75.978,47260,1245.99,"1,066,972.00","1,077,018.00","1,077,202.00","1,099,470.00","1,119,140.00","1,127,107.00","1,140,913.00","1,159,241.00","1,169,655.00","1,171,034.00","1,216,045.00","1,241,368.00","1,249,539.00","1,280,823.00","1,307,988.00","1,320,465.00","1,353,494.00","1,392,903.00","1,419,731.00","1,436,653.00","1,460,246.00","1,472,822.00","1,505,656.00","1,526,947.00","1,536,791.00","1,544,193.00","1,551,433.00","1,556,639.00","1,557,271.00","1,568,344.00","1,584,803.00","1,593,489.00","1,608,368.00","1,616,332.00","1,642,657.00","1,649,013.00","1,665,757.00","1,663,563.00","1,662,528.00","1,668,443.00","1,679,945.00","1,686,564.00","1,697,398.00","1,705,320.00","1,714,857.00","1,720,356.00","1,722,766.00","1,725,246.00"
RI-Providence,41.824,-71.4128,39300,1364.2,"1,397,824.00","1,413,166.00","1,430,058.00","1,437,283.00","1,412,628.00","1,406,096.00","1,415,813.00","1,422,038.00","1,425,673.00","1,430,065.00","1,424,790.00","1,429,939.00","1,431,291.00","1,434,221.00","1,441,821.00","1,451,682.00","1,462,489.00","1,478,972.00","1,493,601.00","1,503,788.00","1,513,216.00","1,519,234.00","1,522,392.00","1,528,117.00","1,532,065.00","1,535,833.00","1,541,702.00","1,548,897.00","1,558,350.00","1,571,610.00","1,586,085.00","1,595,424.00","1,608,716.00","1,617,623.00","1,620,567.00","1,613,353.00","1,607,583.00","1,602,603.00","1,601,459.00","1,600,970.00","1,602,351.00","1,601,522.00","1,604,011.00","1,605,438.00","1,610,173.00","1,613,155.00","1,615,878.00","1,621,122.00"
WI-Milwaukee,43.0389,-87.9065,33340,1434.38,"1,404,138.00","1,405,213.00","1,416,010.00","1,409,340.00","1,409,461.00","1,395,215.00","1,399,719.00","1,394,075.00","1,389,186.00","1,395,204.00","1,396,799.00","1,391,676.00","1,391,630.00","1,387,303.00","1,384,890.00","1,389,356.00","1,391,366.00","1,398,092.00","1,409,610.00","1,421,616.00","1,435,303.00","1,449,760.00","1,462,728.00","1,470,728.00","1,476,272.00","1,481,347.00","1,486,045.00","1,487,435.00","1,490,926.00","1,496,255.00","1,502,420.00","1,507,257.00","1,514,251.00","1,519,746.00","1,522,302.00","1,522,391.00","1,523,907.00","1,530,492.00","1,538,232.00","1,549,613.00","1,556,675.00","1,561,671.00","1,567,759.00","1,571,740.00","1,575,007.00","1,576,376.00","1,576,143.00","1,576,236.00"
FL-Jacksonville,30.3322,-81.6557,27260,1352,"624,385.00","634,706.00","646,300.00","659,844.00","687,764.00","690,701.00","698,542.00","704,872.00","715,764.00","721,765.00","741,284.00","755,418.00","768,418.00","783,349.00","804,182.00","827,740.00","853,214.00","874,753.00","896,414.00","904,282.00","932,169.00","955,572.00","977,699.00","990,520.00","1,004,478.00","1,020,631.00","1,052,363.00","1,077,069.00","1,094,889.00","1,109,951.00","1,126,282.00","1,148,091.00","1,171,363.00","1,193,042.00","1,222,866.00","1,249,072.00","1,282,311.00","1,306,788.00","1,322,728.00","1,334,972.00","1,348,910.00","1,361,962.00","1,378,059.00","1,394,206.00","1,417,740.00","1,445,986.00","1,476,503.00","1,504,980.00"
OK-Oklahoma City,35.4676,-97.5164,36420,299.37,"729,786.00","751,179.00","770,170.00","784,939.00","792,767.00","798,196.00","808,216.00","820,774.00","837,094.00","851,918.00","877,304.00","897,665.00","937,310.00","971,984.00","983,686.00","987,884.00","983,994.00","970,009.00","966,435.00","969,987.00","972,512.00","983,942.00","998,407.00","1,014,998.00","1,029,338.00","1,039,343.00","1,051,886.00","1,065,333.00","1,075,233.00","1,088,347.00","1,098,132.00","1,108,860.00","1,122,241.00","1,134,419.00","1,145,524.00","1,161,308.00","1,182,668.00","1,199,665.00","1,216,645.00","1,237,780.00","1,257,743.00","1,276,130.00","1,297,041.00","1,319,469.00","1,335,736.00","1,356,118.00","1,372,463.00","1,383,737.00"
TN-Memphis,35.1495,-90.049,32820,370.5,"920,874.00","929,876.00","944,435.00","948,177.00","960,444.00","963,608.00","969,382.00","975,221.00","983,505.00","996,441.00","1,004,877.00","1,002,177.00","1,005,310.00","1,009,757.00","1,013,319.00","1,024,196.00","1,034,098.00","1,047,146.00","1,061,586.00","1,071,135.00","1,078,598.00","1,091,735.00","1,104,416.00","1,117,303.00","1,132,959.00","1,148,208.00","1,161,613.00","1,172,495.00","1,187,032.00","1,202,822.00","1,216,257.00","1,224,627.00","1,235,125.00","1,247,414.00","1,258,948.00","1,271,965.00","1,291,868.00","1,302,273.00","1,310,829.00","1,317,719.00","1,326,280.00","1,332,338.00","1,340,171.00","1,340,975.00","1,342,422.00","1,343,439.00","1,345,193.00","1,348,260.00"
NC-Raleigh,35.7796,-78.6382,39580,1159.43,"319,760.00","328,633.00","337,788.00","346,993.00","356,674.00","362,797.00","368,851.00","377,222.00","384,997.00","393,400.00","404,142.00","411,986.00","419,793.00","431,404.00","448,118.00","467,730.00","483,168.00","494,486.00","511,207.00","527,349.00","548,874.00","568,119.00","588,751.00","612,576.00","638,140.00","666,317.00","694,496.00","721,528.00","750,079.00","776,786.00","804,157.00","833,100.00","859,117.00","883,333.00","909,510.00","944,725.00","989,219.00","1,034,476.00","1,077,163.00","1,110,061.00","1,137,393.00","1,163,343.00","1,188,920.00","1,214,464.00","1,242,613.00","1,272,875.00","1,304,896.00","1,335,079.00"
KY-Louisville,38.2527,-85.7585,31140,593.39,"968,151.00","981,177.00","984,003.00","996,510.00","1,005,441.00","1,008,803.00","1,013,754.00","1,015,639.00","1,022,670.00","1,026,910.00","1,024,353.00","1,023,447.00","1,025,304.00","1,024,493.00","1,022,722.00","1,020,980.00","1,019,904.00","1,020,405.00","1,019,655.00","1,020,952.00","1,025,448.00","1,035,577.00","1,045,950.00","1,056,941.00","1,066,643.00","1,076,646.00","1,085,228.00","1,094,013.00","1,102,866.00","1,113,813.00","1,124,086.00","1,132,204.00","1,140,281.00","1,151,726.00","1,161,921.00","1,172,611.00","1,187,190.00","1,202,720.00","1,216,853.00","1,227,965.00","1,237,565.00","1,244,490.00","1,252,357.00","1,263,269.00","1,270,951.00","1,277,992.00","1,284,848.00","1,293,953.00"
VA-Richmond,37.5407,-77.436,40060,741.36,"719,164.00","728,945.00","731,880.00","741,289.00","747,858.00","758,733.00","772,479.00","786,753.00","794,681.00","803,794.00","809,746.00","817,756.00","823,721.00","830,102.00","836,596.00","845,644.00","857,394.00","873,222.00","888,869.00","903,202.00","919,735.00","933,839.00","950,908.00","965,604.00","979,035.00","991,943.00","1,004,116.00","1,017,990.00","1,031,320.00","1,045,761.00","1,058,966.00","1,070,817.00","1,084,389.00","1,098,631.00","1,115,900.00","1,135,074.00","1,157,286.00","1,174,344.00","1,189,113.00","1,200,712.00","1,210,039.00","1,219,241.00","1,233,321.00","1,245,755.00","1,258,597.00","1,270,027.00","1,282,205.00","1,294,204.00"
LA-New Orleans,29.9511,-90.0715,35380,548.7,"1,149,079.00","1,166,426.00","1,187,268.00","1,197,199.00","1,202,886.00","1,217,134.00","1,239,935.00","1,255,262.00","1,270,226.00","1,285,622.00","1,307,660.00","1,322,676.00","1,340,937.00","1,351,284.00","1,350,471.00","1,349,898.00","1,347,341.00","1,327,384.00","1,310,340.00","1,296,937.00","1,285,014.00","1,294,966.00","1,307,069.00","1,315,265.00","1,323,418.00","1,330,188.00","1,331,131.00","1,333,525.00","1,335,520.00","1,338,370.00","1,339,280.00","1,344,528.00","1,354,638.00","1,365,146.00","1,377,699.00","1,386,429.00","1,040,195.00","1,096,365.00","1,135,831.00","1,167,842.00","1,195,455.00","1,213,780.00","1,227,902.00","1,241,194.00","1,251,626.00","1,263,526.00","1,271,195.00","1,275,762.00"
CT-Hartford,41.7658,-72.6734,25540,1403.33,"1,037,486.00","1,046,715.00","1,050,949.00","1,051,717.00","1,054,609.00","1,050,715.00","1,047,784.00","1,041,169.00","1,046,858.00","1,048,344.00","1,053,825.00","1,058,566.00","1,060,120.00","1,068,106.00","1,074,268.00","1,081,584.00","1,092,352.00","1,106,427.00","1,121,181.00","1,123,314.00","1,125,047.00","1,127,479.00","1,125,083.00","1,125,634.00","1,125,949.00","1,124,531.00","1,126,396.00","1,128,992.00","1,134,353.00","1,141,318.00","1,150,872.00","1,158,513.00","1,169,000.00","1,179,394.00","1,182,605.00","1,187,929.00","1,193,725.00","1,198,395.00","1,204,436.00","1,209,604.00","1,214,343.00","1,217,106.00","1,216,064.00","1,216,966.00","1,215,275.00","1,213,041.00","1,210,075.00","1,210,259.00"
UT-Salt Lake City,40.7608,-111.891,41620,697.75,"483,900.00","498,886.00","510,397.00","524,022.00","536,390.00","551,568.00","569,753.00","586,734.00","605,963.00","625,891.00","650,485.00","669,209.00","684,808.00","700,449.00","712,926.00","720,873.00","729,975.00","735,967.00","741,460.00","745,686.00","756,611.00","778,307.00","802,260.00","826,621.00","848,617.00","866,353.00","884,440.00","904,628.00","917,191.00","929,195.00","942,537.00","954,081.00","963,150.00","971,454.00","982,034.00","997,221.00","1,018,281.00","1,037,540.00","1,055,462.00","1,074,013.00","1,091,460.00","1,107,497.00","1,124,277.00","1,141,470.00","1,152,719.00","1,167,013.00","1,185,978.00","1,203,105.00"
AL-Brimingham,33.5207,-86.8025,13820,662.03,"835,529.00","845,552.00","852,687.00","864,091.00","870,327.00","883,176.00","895,562.00","908,600.00","919,203.00","927,710.00","930,461.00","930,229.00","926,211.00","927,073.00","931,391.00","936,926.00","941,503.00","948,470.00","951,041.00","954,427.00","958,709.00","969,491.00","980,037.00","991,884.00","1,003,186.00","1,013,634.00","1,022,434.00","1,030,425.00","1,039,523.00","1,047,440.00","1,053,306.00","1,059,082.00","1,062,966.00","1,070,886.00","1,078,204.00","1,086,318.00","1,098,818.00","1,107,256.00","1,117,101.00","1,125,271.00","1,128,791.00","1,130,457.00","1,133,409.00","1,138,173.00","1,141,099.00","1,144,518.00","1,146,888.00","1,149,807.00"
NY-Buffalo,42.8864,-78.8784,15380,647.9,"1,350,317.00","1,354,742.00","1,347,598.00","1,333,854.00","1,318,683.00","1,312,982.00","1,303,094.00","1,289,795.00","1,276,096.00","1,263,573.00","1,241,652.00","1,232,722.00","1,223,573.00","1,210,440.00","1,197,540.00","1,191,854.00","1,184,554.00","1,179,753.00","1,181,176.00","1,185,953.00","1,190,943.00","1,194,992.00","1,198,490.00","1,200,744.00","1,200,479.00","1,197,885.00","1,194,167.00","1,186,175.00","1,178,462.00","1,173,102.00","1,169,060.00","1,165,067.00","1,161,678.00","1,159,918.00","1,156,070.00","1,148,563.00","1,141,712.00","1,137,678.00","1,136,364.00","1,135,377.00","1,135,710.00","1,136,059.00","1,135,717.00","1,136,993.00","1,137,924.00","1,136,662.00","1,134,914.00","1,136,856.00"
NY-Rochester,43.1566,-77.6088,40380,796.57,"982,741.00","988,377.00","991,043.00","991,321.00","989,217.00","996,306.00","997,333.00","999,580.00","995,684.00","996,206.00","994,571.00","998,293.00","1,003,981.00","1,006,963.00","1,002,780.00","1,002,634.00","1,003,285.00","1,003,096.00","1,009,770.00","1,019,677.00","1,027,880.00","1,036,248.00","1,047,976.00","1,055,228.00","1,057,376.00","1,057,933.00","1,059,684.00","1,060,003.00","1,059,773.00","1,060,310.00","1,066,482.00","1,068,215.00","1,070,355.00","1,071,918.00","1,072,494.00","1,070,418.00","1,070,370.00","1,072,040.00","1,075,302.00","1,077,941.00","1,080,280.00","1,082,275.00","1,082,782.00","1,083,791.00","1,082,785.00","1,080,385.00","1,078,352.00","1,077,948.00"
MI-Grand Rapids,42.9634,-85.6681,24340,412.73,"617,803.00","620,777.00","626,890.00","638,079.00","643,154.00","648,332.00","654,239.00","662,787.00","672,223.00","685,112.00","697,494.00","704,238.00","706,368.00","709,379.00","719,659.00","730,764.00","740,948.00","753,912.00","769,644.00","782,000.00","795,411.00","810,613.00","823,316.00","835,716.00","849,497.00","864,714.00","880,047.00","893,999.00","906,489.00","920,648.00","934,152.00","944,552.00","952,185.00","959,259.00","965,089.00","970,713.00","976,610.00","981,643.00","984,563.00","987,281.00","989,416.00","997,100.00","1,007,613.00","1,019,146.00","1,029,762.00","1,039,064.00","1,048,826.00","1,059,113.00"
AZ-Tucson,32.2226,-110.9747,46060,106.7,"357,383.00","380,248.00","407,511.00","428,555.00","443,741.00","459,737.00","471,601.00","483,486.00","497,691.00","523,342.00","535,975.00","552,630.00","568,000.00","582,174.00","592,086.00","602,646.00","621,578.00","640,416.00","656,722.00","664,202.00","668,844.00","679,813.00","698,091.00","719,598.00","745,112.00","768,212.00","783,685.00","798,521.00","813,386.00","828,905.00","848,019.00","859,280.00","874,267.00","885,893.00","901,342.00","920,298.00","940,930.00","955,869.00","967,778.00","975,580.00","981,540.00","987,297.00","991,528.00","994,759.00","1,000,916.00","1,005,323.00","1,012,519.00","1,022,769.00"
