Region,CBSA Code,Pop Density,1971,1972,1973,1974,1975,1976,1977,1978,1979,1980,1981,1982,1983,1984,1985,1986,1987,1988,1989,1990,1991,1992,1993,1994,1995,1996,1997,1998,1999,2000,2001,2002,2003,2004,2005,2006,2007,2008,2009,2010,2011,2012,2013,2014,2015,2016,2017
NY-NYC,35620,"9,261.47",0.49%,-0.19%,-0.81%,-0.64%,-0.41%,-0.38%,-0.71%,-0.64%,-0.37%,-0.13%,0.19%,0.24%,0.77%,0.59%,0.45%,0.50%,0.33%,0.28%,-0.07%,0.09%,0.54%,0.81%,0.92%,0.76%,0.79%,0.78%,0.87%,0.97%,1.04%,0.92%,0.68%,0.45%,0.28%,0.03%,-0.13%,-0.14%,0.19%,0.53%,0.67%,0.69%,0.82%,0.68%,0.63%,0.51%,0.45%,0.29%,0.23%
NY-NYC Suburban,35620,299.94,3.90%,4.92%,5.27%,3.13%,3.04%,2.36%,2.82%,2.46%,2.60%,1.47%,1.26%,1.00%,1.21%,1.61%,1.91%,2.13%,2.20%,2.10%,1.21%,1.35%,1.13%,1.38%,1.47%,1.17%,1.50%,1.56%,1.33%,1.47%,1.40%,1.65%,1.58%,1.76%,1.38%,0.91%,0.69%,0.61%,0.46%,0.44%,0.27%,0.26%,0.11%,-0.16%,0.03%,0.00%,-0.02%,0.08%,0.47%
NY-NYC Urban,35620,12058.95,0.36%,-0.40%,-1.06%,-0.81%,-0.57%,-0.51%,-0.89%,-0.80%,-0.52%,-0.22%,0.13%,0.20%,0.75%,0.53%,0.37%,0.40%,0.22%,0.17%,-0.15%,0.01%,0.51%,0.77%,0.88%,0.73%,0.74%,0.73%,0.84%,0.94%,1.01%,0.87%,0.62%,0.36%,0.20%,-0.03%,-0.19%,-0.20%,0.17%,0.54%,0.70%,0.72%,0.87%,0.74%,0.67%,0.55%,0.48%,0.31%,0.21%
CA-LA,31080,3113.65,1.17%,0.06%,0.63%,1.24%,1.00%,1.60%,0.88%,1.56%,0.96%,1.70%,1.73%,2.08%,2.00%,1.55%,1.87%,2.59%,2.00%,1.53%,1.61%,1.07%,0.92%,1.33%,0.70%,0.26%,0.25%,0.67%,1.23%,1.43%,1.38%,1.14%,0.96%,0.82%,0.65%,0.30%,-0.07%,-0.44%,-0.30%,0.48%,0.64%,0.52%,0.76%,0.79%,0.70%,0.59%,0.56%,0.33%,0.19%
CA-LA Suburban,31080,0,,,,,,,,,,,,,,,,,,,,,,,,,,,,,,,,,,,,,,,,,,,,,,,
CA-LA Urban,31080,3113.65,1.17%,0.06%,0.63%,1.24%,1.00%,1.60%,0.88%,1.56%,0.96%,1.70%,1.73%,2.08%,2.00%,1.55%,1.87%,2.59%,2.00%,1.53%,1.61%,1.07%,0.92%,1.33%,0.70%,0.26%,0.25%,0.67%,1.23%,1.43%,1.38%,1.14%,0.96%,0.82%,0.65%,0.30%,-0.07%,-0.44%,-0.30%,0.48%,0.64%,0.52%,0.76%,0.79%,0.70%,0.59%,0.56%,0.33%,0.19%
IL-Chicago,16980,"1,314.16",0.74%,0.21%,-0.08%,0.09%,0.19%,0.33%,0.41%,0.25%,-0.16%,-0.05%,-0.17%,0.12%,-0.04%,0.29%,0.05%,0.07%,0.26%,0.22%,0.45%,0.61%,1.24%,1.30%,1.19%,1.09%,1.02%,1.02%,0.92%,0.98%,0.97%,0.86%,0.62%,0.40%,0.30%,0.30%,0.17%,0.23%,0.42%,0.51%,0.48%,0.44%,0.27%,0.30%,0.24%,0.13%,-0.04%,-0.12%,-0.14%
IL-Chicago Suburban,16980,482.93,1.56%,2.08%,2.89%,1.66%,2.15%,1.81%,2.24%,2.33%,1.84%,1.70%,0.31%,0.00%,0.32%,0.93%,0.64%,0.89%,1.47%,1.89%,1.98%,2.65%,2.47%,2.32%,2.70%,2.73%,3.11%,2.94%,2.71%,2.56%,2.74%,2.89%,3.22%,3.33%,3.32%,3.23%,2.81%,2.96%,2.29%,1.52%,0.87%,0.76%,0.32%,0.27%,0.26%,0.39%,0.34%,0.33%,0.47%
IL-Chicago Urban,16980,"2,810.36",0.63%,-0.03%,-0.47%,-0.13%,-0.08%,0.12%,0.14%,-0.06%,-0.46%,-0.32%,-0.24%,0.14%,-0.09%,0.19%,-0.04%,-0.06%,0.06%,-0.06%,0.19%,0.26%,1.02%,1.12%,0.92%,0.79%,0.63%,0.65%,0.56%,0.66%,0.60%,0.43%,0.06%,-0.25%,-0.40%,-0.40%,-0.48%,-0.47%,-0.07%,0.23%,0.37%,0.36%,0.26%,0.31%,0.23%,0.06%,-0.14%,-0.24%,-0.31%
TX-Dallas,19100,696.73,1.65%,0.63%,2.19%,2.83%,1.80%,2.63%,1.96%,2.43%,2.95%,3.82%,2.76%,3.62%,3.43%,3.48%,4.05%,3.78%,2.25%,1.21%,1.54%,2.29%,2.50%,2.08%,2.14%,2.41%,2.49%,2.82%,3.09%,3.10%,2.90%,2.63%,2.69%,1.98%,1.69%,1.62%,1.94%,2.88%,2.34%,2.12%,2.10%,1.74%,1.86%,2.05%,1.66%,1.96%,2.16%,2.15%,2.02%
TX-Dallas Suburban,19100,309.52,3.20%,4.49%,8.08%,5.69%,1.23%,3.13%,4.76%,6.34%,6.48%,6.44%,4.02%,5.61%,5.47%,6.49%,7.10%,6.42%,4.71%,3.78%,3.01%,3.59%,3.15%,3.49%,4.02%,4.54%,4.71%,5.07%,5.45%,5.54%,5.49%,5.29%,5.32%,4.58%,4.13%,3.83%,4.12%,5.07%,4.02%,3.36%,2.89%,2.44%,2.49%,2.40%,2.27%,2.89%,3.11%,3.23%,3.16%
TX-Dallas Urban,19100,"1,987.43",1.40%,-0.01%,1.17%,2.31%,1.90%,2.53%,1.42%,1.66%,2.22%,3.25%,2.47%,3.17%,2.96%,2.77%,3.31%,3.11%,1.60%,0.52%,1.13%,1.93%,2.31%,1.67%,1.59%,1.77%,1.80%,2.10%,2.31%,2.28%,1.99%,1.66%,1.71%,0.97%,0.71%,0.70%,1.01%,1.91%,1.57%,1.55%,1.73%,1.40%,1.55%,1.87%,1.36%,1.50%,1.68%,1.59%,1.42%
TX-Houston,26420,708.57,2.89%,2.56%,2.94%,3.25%,4.34%,4.20%,3.87%,4.11%,4.02%,4.58%,4.35%,5.91%,2.87%,0.48%,0.16%,1.09%,-1.15%,-0.30%,1.52%,2.88%,2.89%,2.70%,2.15%,1.91%,1.79%,2.06%,2.15%,2.42%,2.41%,2.05%,2.13%,2.48%,2.01%,1.91%,1.97%,3.63%,2.16%,2.45%,2.64%,2.08%,1.86%,2.08%,2.36%,2.64%,2.58%,2.01%,1.39%
TX-Houston Suburban,26420,285.21,2.96%,3.01%,3.31%,2.15%,4.14%,4.28%,5.09%,5.02%,5.02%,5.61%,3.51%,5.11%,4.40%,1.88%,1.81%,0.44%,-0.76%,0.46%,2.35%,3.43%,3.24%,3.21%,3.08%,2.57%,2.69%,2.78%,2.66%,2.98%,3.06%,2.76%,2.89%,3.75%,3.24%,3.25%,3.02%,3.76%,3.47%,3.31%,2.86%,2.60%,1.83%,2.20%,2.85%,3.37%,3.29%,3.10%,2.59%
TX-Houston Urban,26420,"2,190.30",2.87%,2.45%,2.86%,3.50%,4.39%,4.18%,3.60%,3.90%,3.79%,4.34%,4.54%,6.10%,2.51%,0.15%,-0.23%,1.25%,-1.24%,-0.48%,1.31%,2.74%,2.81%,2.57%,1.92%,1.74%,1.55%,1.87%,2.01%,2.27%,2.24%,1.85%,1.92%,2.13%,1.67%,1.53%,1.67%,3.59%,1.78%,2.19%,2.57%,1.93%,1.87%,2.04%,2.21%,2.42%,2.36%,1.67%,1.01%
MD-DC-VA,47900,"2,610.65",1.58%,2.15%,0.59%,0.35%,0.78%,0.58%,0.24%,0.87%,0.21%,0.65%,1.75%,1.21%,1.47%,2.13%,2.19%,2.50%,2.63%,2.48%,1.87%,1.26%,1.48%,1.53%,1.44%,1.37%,1.23%,1.36%,1.44%,1.53%,1.95%,2.09%,2.20%,1.72%,1.36%,1.47%,1.42%,0.86%,1.02%,1.34%,1.89%,2.13%,1.95%,1.66%,1.54%,1.12%,1.03%,0.97%,1.06%
MD-DC-VA Suburban,47900,385.53,3.59%,3.76%,3.94%,4.81%,4.04%,3.86%,4.70%,4.67%,3.50%,2.26%,2.66%,2.00%,1.95%,3.02%,3.27%,3.86%,5.11%,4.25%,4.37%,4.46%,2.89%,3.18%,3.48%,3.56%,3.59%,3.22%,3.17%,3.51%,3.65%,4.32%,4.50%,4.48%,4.30%,3.95%,3.55%,2.57%,2.14%,1.79%,1.50%,2.12%,1.84%,1.57%,1.85%,1.77%,1.43%,1.64%,1.92%
MD-DC-VA Urban,47900,"4,493.44",1.37%,1.98%,0.22%,-0.17%,0.38%,0.16%,-0.35%,0.34%,-0.26%,0.41%,1.62%,1.09%,1.40%,1.99%,2.02%,2.28%,2.23%,2.19%,1.45%,0.70%,1.23%,1.23%,1.06%,0.96%,0.76%,0.98%,1.08%,1.11%,1.59%,1.61%,1.68%,1.08%,0.66%,0.85%,0.87%,0.41%,0.71%,1.22%,1.99%,2.13%,1.98%,1.68%,1.45%,0.95%,0.92%,0.79%,0.82%
PA-Philadelphia,37980,"2,148.24",0.58%,-0.16%,-0.67%,-0.41%,-0.14%,-0.14%,-0.31%,-0.33%,0.02%,-0.09%,0.13%,0.13%,0.09%,0.33%,0.29%,0.77%,0.90%,0.70%,0.24%,0.20%,0.64%,0.43%,0.53%,0.53%,0.43%,0.29%,0.24%,0.43%,0.45%,0.47%,0.39%,0.52%,0.53%,0.53%,0.42%,0.46%,0.44%,0.42%,0.59%,0.50%,0.42%,0.41%,0.24%,0.29%,0.22%,0.17%,0.31%
PA-Philadelphia Suburban,37980,522.6,2.39%,1.62%,-0.27%,0.09%,1.54%,1.64%,1.23%,1.08%,1.35%,1.56%,1.03%,1.00%,0.49%,1.00%,0.86%,1.28%,1.85%,2.30%,1.42%,1.42%,1.11%,0.72%,0.90%,1.09%,1.29%,0.99%,0.96%,0.88%,1.13%,1.34%,1.18%,1.55%,1.54%,1.44%,1.07%,1.26%,0.81%,0.53%,0.54%,0.52%,0.41%,0.26%,0.11%,0.34%,0.07%,0.03%,0.23%
PA-Philadelphia Urban,37980,"3,502.93",0.22%,-0.52%,-0.76%,-0.52%,-0.49%,-0.53%,-0.65%,-0.65%,-0.29%,-0.47%,-0.09%,-0.08%,-0.01%,0.17%,0.15%,0.65%,0.66%,0.30%,-0.06%,-0.12%,0.51%,0.36%,0.44%,0.38%,0.20%,0.09%,0.04%,0.31%,0.26%,0.23%,0.16%,0.22%,0.23%,0.26%,0.23%,0.22%,0.33%,0.39%,0.60%,0.49%,0.43%,0.45%,0.28%,0.28%,0.27%,0.22%,0.34%
FL-Miami,33100,"1,143.53",4.52%,4.82%,5.08%,5.43%,3.34%,1.64%,1.86%,2.22%,3.96%,4.27%,4.03%,1.87%,1.65%,1.53%,2.04%,2.10%,2.37%,2.49%,2.37%,2.37%,2.41%,2.07%,1.81%,2.42%,2.30%,2.31%,2.10%,1.82%,1.97%,1.90%,1.69%,1.69%,1.24%,1.42%,1.40%,0.34%,-0.12%,0.58%,0.92%,1.44%,2.01%,1.49%,1.42%,1.38%,1.39%,1.35%,0.84%
FL-Miami Suburban,33100,670.2,5.10%,5.46%,9.22%,6.72%,4.02%,2.68%,2.47%,3.70%,6.28%,6.34%,5.94%,4.08%,3.34%,3.96%,4.20%,4.20%,4.18%,3.85%,3.32%,3.50%,3.13%,3.07%,3.30%,3.24%,2.61%,2.60%,2.84%,2.47%,1.90%,1.69%,2.17%,2.66%,2.25%,2.80%,2.09%,0.48%,0.16%,0.65%,0.96%,1.25%,1.01%,1.44%,1.64%,1.71%,1.88%,1.78%,1.20%
FL-Miami Urban,33100,"1,380.20",4.41%,4.71%,4.30%,5.17%,3.20%,1.43%,1.73%,1.92%,3.48%,3.82%,3.61%,1.38%,1.26%,0.96%,1.51%,1.58%,1.91%,2.14%,2.12%,2.07%,2.21%,1.79%,1.40%,2.19%,2.21%,2.23%,1.89%,1.64%,1.99%,1.97%,1.55%,1.41%,0.94%,1.00%,1.19%,0.30%,-0.21%,0.56%,0.90%,1.50%,2.33%,1.50%,1.35%,1.27%,1.23%,1.22%,0.73%
GA-Atlanta,12060,666.38,3.15%,3.27%,3.46%,2.64%,0.87%,1.18%,1.93%,1.85%,2.72%,2.43%,2.21%,2.09%,2.56%,3.07%,3.69%,3.55%,3.48%,2.90%,2.29%,2.34%,2.94%,3.02%,3.35%,3.57%,3.43%,3.32%,3.26%,3.42%,3.39%,3.26%,2.54%,1.97%,1.85%,1.90%,2.39%,3.37%,2.73%,2.05%,1.37%,1.19%,1.31%,1.46%,1.20%,1.60%,1.73%,1.64%,1.54%
GA-Atlanta Suburban,12060,302,3.89%,3.42%,5.14%,3.44%,1.78%,2.08%,2.05%,1.66%,3.02%,2.98%,1.92%,2.20%,2.01%,2.69%,3.55%,3.94%,4.60%,3.76%,3.32%,3.76%,3.51%,3.26%,3.26%,4.32%,4.40%,4.63%,4.65%,4.99%,4.79%,4.60%,4.60%,4.45%,4.15%,3.91%,4.29%,4.91%,4.28%,3.01%,1.73%,1.26%,0.74%,0.73%,1.31%,1.76%,1.81%,2.03%,2.10%
GA-Atlanta Urban,12060,"1,811.57",2.94%,3.22%,2.96%,2.39%,0.59%,0.90%,1.88%,1.91%,2.62%,2.26%,2.30%,2.06%,2.74%,3.19%,3.73%,3.43%,3.12%,2.62%,1.95%,1.88%,2.74%,2.94%,3.38%,3.32%,3.10%,2.87%,2.77%,2.86%,2.88%,2.76%,1.76%,1.01%,0.93%,1.07%,1.57%,2.70%,2.03%,1.61%,1.20%,1.16%,1.58%,1.80%,1.15%,1.52%,1.70%,1.46%,1.27%
MA-Boston,14460,"3,493.13",0.71%,0.67%,0.06%,-0.33%,-0.41%,-0.17%,0.02%,-0.08%,-0.04%,0.12%,0.49%,0.26%,0.74%,0.80%,0.82%,0.41%,0.40%,0.50%,0.34%,-0.05%,-0.22%,0.23%,0.63%,0.61%,0.99%,0.82%,0.87%,0.81%,0.74%,0.72%,0.70%,0.18%,-0.12%,-0.22%,-0.16%,0.21%,0.46%,0.79%,0.98%,0.84%,0.94%,0.97%,1.01%,0.89%,0.72%,0.63%,0.64%
MA-Boston Suburban,14460,503.2,1.75%,4.36%,3.27%,2.37%,1.43%,1.23%,2.86%,2.71%,1.99%,1.02%,1.02%,0.85%,0.89%,1.59%,1.59%,2.01%,2.09%,1.93%,1.37%,0.85%,-0.43%,0.50%,1.19%,1.00%,1.06%,1.30%,1.17%,1.24%,1.16%,1.34%,1.17%,0.98%,0.55%,0.34%,0.46%,0.51%,0.37%,0.41%,0.33%,0.38%,0.41%,0.39%,0.52%,0.75%,0.44%,0.58%,0.75%
MA-Boston Urban,14460,"5,735.58",0.54%,0.07%,-0.48%,-0.81%,-0.74%,-0.43%,-0.52%,-0.63%,-0.45%,-0.06%,0.38%,0.14%,0.71%,0.63%,0.66%,0.07%,0.02%,0.18%,0.11%,-0.26%,-0.17%,0.17%,0.50%,0.52%,0.98%,0.71%,0.80%,0.71%,0.64%,0.57%,0.59%,-0.02%,-0.29%,-0.36%,-0.31%,0.13%,0.49%,0.89%,1.15%,0.95%,1.08%,1.11%,1.13%,0.92%,0.79%,0.65%,0.61%
CA-San Francisco,41860,"4,555.06",0.26%,0.49%,0.37%,0.20%,0.19%,0.91%,0.39%,0.45%,0.40%,0.96%,1.18%,1.16%,1.56%,1.24%,1.50%,1.28%,1.00%,1.25%,1.49%,1.71%,1.09%,1.20%,0.89%,0.53%,0.62%,1.01%,1.59%,1.49%,1.10%,1.13%,0.94%,-0.39%,-0.30%,-0.30%,0.11%,0.26%,0.84%,1.44%,1.39%,0.98%,1.25%,1.45%,1.47%,1.48%,1.35%,0.88%,0.60%
CA-San Francisco Suburban,41860,485.1,-0.63%,0.33%,3.90%,-1.95%,2.54%,1.85%,1.05%,0.12%,-0.31%,0.05%,0.41%,-0.22%,0.25%,-0.33%,-0.35%,0.70%,0.41%,0.48%,1.40%,0.59%,1.27%,1.02%,0.94%,0.42%,0.07%,-0.20%,1.30%,1.20%,0.64%,0.51%,0.14%,-0.66%,-0.48%,-0.52%,0.18%,0.15%,0.68%,0.87%,0.99%,0.83%,1.01%,0.34%,0.97%,0.83%,0.27%,-0.07%,-0.22%
CA-San Francisco Urban,41860,"5,572.55",0.32%,0.51%,0.12%,0.35%,0.02%,0.84%,0.34%,0.47%,0.45%,1.03%,1.23%,1.26%,1.66%,1.35%,1.63%,1.32%,1.04%,1.30%,1.49%,1.79%,1.08%,1.21%,0.89%,0.54%,0.66%,1.09%,1.61%,1.51%,1.13%,1.17%,0.99%,-0.37%,-0.29%,-0.29%,0.10%,0.27%,0.85%,1.48%,1.41%,0.98%,1.27%,1.52%,1.50%,1.52%,1.41%,0.94%,0.65%
AZ-Phoenix,38060,242.45,4.60%,5.79%,6.33%,5.19%,2.74%,2.15%,3.70%,4.20%,4.73%,4.30%,2.86%,2.99%,3.11%,4.29%,5.14%,4.21%,4.43%,2.86%,2.54%,1.42%,3.12%,3.43%,3.88%,4.88%,4.99%,4.07%,3.78%,3.74%,3.38%,2.99%,2.76%,2.64%,2.43%,2.85%,3.78%,3.70%,2.65%,2.20%,1.15%,1.22%,1.04%,1.74%,1.59%,1.83%,1.96%,1.98%,1.91%
AZ-Phoenix Suburban,38060,242.45,4.60%,5.79%,6.33%,5.19%,2.74%,2.15%,3.70%,4.20%,4.73%,4.30%,2.86%,2.99%,3.11%,4.29%,5.14%,4.21%,4.43%,2.86%,2.54%,1.42%,3.12%,3.43%,3.88%,4.88%,4.99%,4.07%,3.78%,3.74%,3.38%,2.99%,2.76%,2.64%,2.43%,2.85%,3.78%,3.70%,2.65%,2.20%,1.15%,1.22%,1.04%,1.74%,1.59%,1.83%,1.96%,1.98%,1.91%
AZ-Phoenix Urban,38060,0,,,,,,,,,,,,,,,,,,,,,,,,,,,,,,,,,,,,,,,,,,,,,,,
CA-Riverside,40140,202.65,2.24%,1.56%,1.07%,2.29%,1.53%,2.72%,5.08%,6.54%,4.26%,5.07%,3.40%,3.72%,3.37%,3.87%,4.80%,5.13%,6.36%,6.83%,7.51%,7.92%,4.13%,3.00%,1.53%,1.43%,1.52%,1.37%,1.74%,2.16%,2.62%,2.74%,3.06%,3.24%,3.75%,3.81%,3.20%,2.86%,2.03%,1.13%,1.15%,1.98%,1.30%,1.00%,0.85%,1.09%,1.06%,1.14%,1.26%
CA-Riverside Suburban,40140,202.65,2.24%,1.56%,1.07%,2.29%,1.53%,2.72%,5.08%,6.54%,4.26%,5.07%,3.40%,3.72%,3.37%,3.87%,4.80%,5.13%,6.36%,6.83%,7.51%,7.92%,4.13%,3.00%,1.53%,1.43%,1.52%,1.37%,1.74%,2.16%,2.62%,2.74%,3.06%,3.24%,3.75%,3.81%,3.20%,2.86%,2.03%,1.13%,1.15%,1.98%,1.30%,1.00%,0.85%,1.09%,1.06%,1.14%,1.26%
CA-Riverside Urban,40140,0,,,,,,,,,,,,,,,,,,,,,,,,,,,,,,,,,,,,,,,,,,,,,,,
MI-Detroit,19820,"1,163.87",0.45%,-0.14%,-0.40%,-0.31%,-0.62%,-0.75%,-0.22%,0.11%,0.00%,-0.41%,-1.46%,-1.23%,-0.90%,-0.05%,0.32%,0.57%,0.52%,-0.17%,0.09%,0.31%,0.82%,0.80%,0.58%,0.48%,0.79%,0.76%,0.16%,0.03%,0.13%,0.18%,0.14%,-0.12%,-0.07%,-0.17%,-0.33%,-0.48%,-0.74%,-0.86%,-0.64%,-0.47%,-0.06%,0.16%,0.07%,0.11%,-0.03%,0.08%,0.17%
MI-Detroit Suburban,19820,289.4,3.46%,2.29%,3.84%,3.51%,1.96%,2.14%,3.02%,3.78%,3.41%,1.80%,0.78%,-1.12%,-1.01%,0.36%,0.72%,1.46%,2.01%,1.63%,1.27%,2.62%,1.95%,1.68%,1.69%,1.84%,2.31%,2.18%,1.94%,2.07%,2.12%,1.99%,1.57%,1.50%,1.30%,1.25%,0.91%,0.65%,-0.24%,-0.80%,-0.73%,-0.45%,-0.08%,-0.04%,0.26%,0.25%,0.36%,0.18%,0.27%
MI-Detroit Urban,19820,"2,038.33",0.28%,-0.28%,-0.65%,-0.54%,-0.79%,-0.94%,-0.44%,-0.15%,-0.24%,-0.57%,-1.63%,-1.24%,-0.89%,-0.09%,0.28%,0.50%,0.40%,-0.32%,-0.01%,0.11%,0.72%,0.72%,0.48%,0.35%,0.65%,0.63%,0.00%,-0.16%,-0.06%,0.00%,0.00%,-0.29%,-0.21%,-0.32%,-0.47%,-0.61%,-0.79%,-0.87%,-0.63%,-0.48%,-0.06%,0.19%,0.05%,0.10%,-0.07%,0.07%,0.15%
WA-Seattle,42660,577,-0.08%,-1.59%,-0.28%,1.83%,1.76%,1.07%,1.61%,2.84%,3.09%,3.62%,2.18%,1.22%,0.47%,1.28%,1.90%,1.90%,2.40%,2.98%,2.75%,3.43%,2.01%,2.29%,1.84%,1.23%,1.46%,1.50%,2.14%,2.08%,1.37%,1.08%,1.33%,0.82%,0.47%,0.83%,1.24%,1.84%,1.45%,1.53%,1.78%,0.97%,1.42%,1.58%,1.64%,1.57%,1.67%,1.99%,1.69%
WA-Seattle Suburban,42660,577,-0.08%,-1.59%,-0.28%,1.83%,1.76%,1.07%,1.61%,2.84%,3.09%,3.62%,2.18%,1.22%,0.47%,1.28%,1.90%,1.90%,2.40%,2.98%,2.75%,3.43%,2.01%,2.29%,1.84%,1.23%,1.46%,1.50%,2.14%,2.08%,1.37%,1.08%,1.33%,0.82%,0.47%,0.83%,1.24%,1.84%,1.45%,1.53%,1.78%,0.97%,1.42%,1.58%,1.64%,1.57%,1.67%,1.99%,1.69%
WA-Seattle Urban,42660,0,,,,,,,,,,,,,,,,,,,,,,,,,,,,,,,,,,,,,,,,,,,,,,,
MI-Minneapolis,33460,600.19,0.94%,0.17%,0.85%,0.90%,0.43%,0.64%,0.52%,0.96%,1.12%,1.80%,1.20%,1.10%,0.63%,0.99%,1.53%,1.56%,1.68%,2.21%,1.54%,1.71%,1.54%,1.60%,1.69%,1.55%,1.53%,1.50%,1.45%,1.50%,1.64%,1.66%,1.39%,0.96%,0.87%,0.91%,0.86%,1.10%,1.09%,0.97%,0.89%,0.74%,1.00%,0.99%,1.06%,1.01%,0.80%,1.02%,1.22%
MI-Minneapolis Suburban,33460,298.56,2.78%,3.74%,4.17%,3.01%,2.23%,2.55%,1.99%,2.74%,2.80%,2.60%,1.70%,1.64%,0.88%,1.84%,2.11%,2.18%,3.24%,3.93%,2.82%,3.28%,2.80%,2.88%,3.08%,2.68%,2.67%,2.65%,2.46%,2.33%,2.57%,2.85%,2.49%,2.38%,2.23%,2.24%,2.09%,2.10%,1.59%,1.20%,0.84%,0.86%,0.69%,0.75%,0.88%,0.95%,0.72%,0.97%,1.30%
MI-Minneapolis Urban,33460,"2,711.65",0.11%,-1.48%,-0.76%,-0.18%,-0.52%,-0.40%,-0.30%,-0.06%,0.13%,1.31%,0.90%,0.77%,0.48%,0.46%,1.16%,1.15%,0.67%,1.08%,0.67%,0.62%,0.65%,0.67%,0.66%,0.69%,0.65%,0.59%,0.64%,0.81%,0.86%,0.65%,0.43%,-0.30%,-0.36%,-0.34%,-0.33%,0.13%,0.59%,0.73%,0.93%,0.62%,1.31%,1.23%,1.23%,1.07%,0.89%,1.07%,1.13%
CA-San Diego ,41740,735.8,2.00%,2.96%,4.64%,2.74%,4.95%,1.60%,4.43%,3.49%,2.94%,2.61%,2.76%,2.35%,2.32%,2.39%,2.89%,3.33%,3.57%,3.91%,3.39%,2.78%,1.62%,1.57%,0.26%,0.57%,0.34%,1.06%,1.55%,1.64%,1.93%,1.35%,1.50%,1.07%,0.49%,0.53%,0.29%,0.30%,0.97%,1.56%,1.29%,1.39%,1.16%,1.27%,1.15%,1.25%,1.02%,0.83%,0.62%
CA-San Diego Suburban,41740,735.8,2.00%,2.96%,4.64%,2.74%,4.95%,1.60%,4.43%,3.49%,2.94%,2.61%,2.76%,2.35%,2.32%,2.39%,2.89%,3.33%,3.57%,3.91%,3.39%,2.78%,1.62%,1.57%,0.26%,0.57%,0.34%,1.06%,1.55%,1.64%,1.93%,1.35%,1.50%,1.07%,0.49%,0.53%,0.29%,0.30%,0.97%,1.56%,1.29%,1.39%,1.16%,1.27%,1.15%,1.25%,1.02%,0.83%,0.62%
CA-San Diego Urban,41740, -   ,,,,,,,,,,,,,,,,,,,,,,,,,,,,,,,,,,,,,,,,,,,,,,,
FL-Tampa Bay,45300,"1,385.05",5.37%,6.03%,6.52%,4.57%,2.25%,1.86%,1.78%,2.67%,3.66%,3.44%,3.07%,2.70%,3.00%,2.90%,2.80%,2.48%,2.27%,1.95%,1.68%,1.89%,1.59%,1.15%,1.34%,1.40%,1.45%,1.37%,1.81%,1.72%,1.38%,1.47%,1.66%,1.78%,1.70%,2.30%,2.47%,1.82%,0.99%,0.74%,0.62%,0.89%,1.46%,0.64%,0.89%,1.54%,1.95%,2.11%,1.81%
FL-Tampa Bay Suburban,45300,493.9,13.35%,15.99%,14.10%,6.58%,11.89%,5.21%,7.15%,6.41%,9.06%,7.72%,6.60%,5.52%,4.73%,5.15%,4.76%,4.75%,4.56%,4.30%,3.27%,3.66%,2.10%,1.35%,2.39%,2.78%,2.21%,2.36%,2.41%,2.20%,1.77%,2.49%,2.79%,3.19%,3.63%,4.81%,5.04%,4.31%,3.24%,1.65%,0.13%,0.61%,0.14%,0.52%,0.91%,1.68%,2.14%,2.86%,2.80%
FL-Tampa Bay Urban,45300,"2,276.20",4.62%,5.02%,5.67%,4.33%,1.05%,1.41%,1.01%,2.11%,2.81%,2.73%,2.45%,2.19%,2.67%,2.46%,2.42%,2.02%,1.79%,1.45%,1.34%,1.49%,1.48%,1.10%,1.11%,1.08%,1.27%,1.13%,1.66%,1.61%,1.29%,1.22%,1.38%,1.42%,1.20%,1.64%,1.77%,1.13%,0.35%,0.47%,0.76%,0.97%,1.85%,0.67%,0.89%,1.50%,1.90%,1.89%,1.51%
CO-Denver,19740,"1,035.60",3.14%,3.70%,3.50%,1.19%,1.80%,2.41%,2.06%,3.47%,3.01%,2.03%,2.52%,2.89%,2.43%,1.37%,1.43%,0.87%,0.45%,-0.38%,0.07%,1.14%,2.67%,3.45%,3.31%,2.40%,2.56%,2.56%,2.69%,2.43%,2.79%,3.51%,2.21%,1.13%,0.80%,0.87%,1.21%,1.78%,1.87%,1.87%,1.84%,1.79%,1.77%,1.79%,1.90%,1.98%,2.09%,1.59%,1.28%
CO-Denver Suburban,19740,203.17,4.06%,6.44%,5.75%,2.86%,3.81%,3.68%,3.35%,6.48%,4.85%,4.13%,3.55%,4.51%,3.02%,2.40%,2.22%,1.46%,0.88%,-0.19%,-0.06%,1.91%,3.10%,3.50%,3.12%,2.66%,2.60%,2.48%,2.48%,2.70%,2.70%,0.86%,2.42%,2.05%,1.26%,1.34%,1.69%,1.94%,2.01%,1.97%,2.11%,1.90%,1.65%,1.71%,1.96%,1.91%,1.98%,1.45%,1.12%
CO-Denver Urban,19740,"2,284.25",2.70%,2.37%,2.37%,0.33%,0.74%,1.71%,1.34%,1.75%,1.91%,0.75%,1.87%,1.85%,2.03%,0.67%,0.89%,0.47%,0.15%,-0.52%,0.16%,0.59%,2.37%,3.40%,3.45%,2.21%,2.53%,2.61%,2.84%,2.23%,2.85%,5.40%,2.07%,0.50%,0.47%,0.55%,0.87%,1.66%,1.78%,1.80%,1.66%,1.71%,1.85%,1.85%,1.85%,2.04%,2.16%,1.69%,1.39%
MO-St Louis,41180,"1,009.92",-0.23%,-0.33%,-0.49%,-0.42%,0.00%,0.00%,-0.27%,0.14%,0.19%,0.10%,0.01%,-0.23%,0.13%,0.49%,0.68%,0.60%,0.58%,0.35%,0.08%,0.40%,0.56%,0.43%,0.60%,0.41%,0.48%,0.41%,0.42%,0.22%,0.35%,0.47%,0.42%,0.37%,0.40%,0.40%,0.31%,0.51%,0.41%,0.44%,0.42%,0.38%,0.14%,0.08%,0.13%,0.15%,0.12%,-0.02%,0.02%
MO-St Louis Suburban,41180,275.73,0.62%,1.58%,0.46%,-0.10%,0.27%,0.60%,0.75%,1.28%,0.98%,0.31%,0.60%,-0.10%,0.51%,1.03%,1.19%,1.59%,1.50%,0.94%,0.61%,0.90%,0.87%,0.90%,1.50%,0.89%,1.29%,1.03%,1.06%,0.86%,0.77%,1.12%,1.21%,1.31%,1.30%,1.36%,1.37%,1.54%,1.20%,0.96%,0.77%,0.75%,0.25%,0.08%,0.22%,0.30%,0.28%,0.40%,0.47%
MO-St Louis Urban,41180,"2,478.30",-0.60%,-1.18%,-0.93%,-0.57%,-0.13%,-0.29%,-0.75%,-0.41%,-0.20%,0.00%,-0.28%,-0.30%,-0.06%,0.22%,0.41%,0.10%,0.11%,0.05%,-0.20%,0.13%,0.39%,0.17%,0.11%,0.15%,0.03%,0.06%,0.05%,-0.15%,0.11%,0.08%,-0.04%,-0.19%,-0.14%,-0.19%,-0.35%,-0.14%,-0.09%,0.10%,0.19%,0.13%,0.07%,0.09%,0.06%,0.05%,0.02%,-0.30%,-0.29%
MA-Baltimore,12580,"1,788.54",1.63%,0.94%,0.73%,0.53%,0.23%,0.21%,0.59%,0.11%,0.22%,-0.30%,0.54%,0.29%,0.35%,0.73%,0.50%,1.32%,1.05%,1.35%,0.84%,1.27%,1.15%,0.91%,0.74%,0.70%,0.61%,0.45%,0.48%,0.47%,0.60%,0.69%,0.68%,0.82%,0.68%,0.64%,0.50%,0.53%,0.36%,0.46%,0.60%,0.72%,0.72%,0.78%,0.56%,0.46%,0.38%,0.21%,0.26%
MA-Baltimore Suburban,12580,354,3.13%,3.29%,3.44%,2.18%,2.04%,3.69%,3.36%,2.97%,2.46%,1.32%,1.45%,1.18%,1.16%,2.02%,1.71%,3.10%,3.67%,3.55%,3.00%,3.44%,2.46%,2.39%,1.29%,2.22%,2.09%,2.06%,1.91%,1.31%,1.52%,1.57%,1.46%,2.34%,2.03%,1.53%,1.27%,1.12%,0.38%,0.38%,0.21%,0.43%,0.39%,0.46%,0.13%,0.18%,0.05%,0.20%,0.63%
MA-Baltimore Urban,12580,"2,864.45",1.47%,0.69%,0.42%,0.34%,0.01%,-0.21%,0.24%,-0.26%,-0.08%,-0.52%,0.41%,0.16%,0.23%,0.55%,0.32%,1.05%,0.66%,1.01%,0.50%,0.91%,0.94%,0.66%,0.64%,0.44%,0.34%,0.16%,0.22%,0.31%,0.42%,0.53%,0.54%,0.52%,0.42%,0.46%,0.35%,0.41%,0.35%,0.47%,0.69%,0.78%,0.78%,0.85%,0.64%,0.52%,0.45%,0.22%,0.18%
SC-Charlotte,16740,"1,069.36",1.77%,2.03%,1.46%,1.06%,0.43%,0.67%,1.00%,1.74%,1.85%,2.42%,1.53%,1.46%,0.84%,1.69%,1.92%,1.45%,1.96%,1.96%,1.81%,2.21%,2.30%,1.77%,2.16%,2.41%,2.63%,2.76%,2.85%,2.83%,2.85%,2.49%,2.36%,2.10%,1.93%,2.09%,2.88%,3.88%,3.83%,3.14%,2.05%,1.25%,1.48%,1.67%,1.75%,1.80%,2.02%,2.12%,2.01%
SC-Charlotte Suburban,16740,465.25,2.01%,1.74%,1.34%,0.91%,0.57%,0.57%,0.94%,1.95%,1.83%,2.12%,1.29%,1.06%,0.47%,1.27%,1.64%,0.85%,1.20%,1.49%,1.17%,1.55%,1.78%,1.39%,1.47%,1.66%,1.83%,2.03%,2.16%,2.29%,2.28%,1.88%,1.67%,1.55%,1.22%,1.31%,1.99%,3.14%,3.38%,2.97%,1.73%,0.85%,0.76%,1.01%,1.13%,1.49%,1.79%,2.08%,2.13%
SC-Charlotte Urban,16740,"3,485.80",1.43%,2.44%,1.64%,1.26%,0.23%,0.80%,1.09%,1.45%,1.88%,2.85%,1.88%,2.02%,1.34%,2.27%,2.30%,2.25%,2.97%,2.57%,2.64%,3.06%,2.96%,2.23%,3.01%,3.32%,3.58%,3.61%,3.63%,3.44%,3.49%,3.16%,3.12%,2.69%,2.68%,2.91%,3.80%,4.64%,4.28%,3.32%,2.36%,1.63%,2.19%,2.30%,2.34%,2.10%,2.23%,2.16%,1.90%
FL-Orlando,36740,"1,740.68",5.46%,7.36%,7.39%,5.65%,1.33%,2.22%,2.94%,3.23%,4.25%,4.16%,3.95%,3.77%,4.43%,4.52%,4.04%,4.23%,4.21%,3.49%,4.59%,5.92%,3.43%,2.77%,2.90%,2.74%,2.45%,2.88%,3.44%,3.14%,2.56%,3.04%,3.23%,2.92%,2.91%,3.67%,4.14%,3.29%,1.87%,1.44%,1.17%,1.30%,1.73%,2.34%,2.01%,2.45%,2.71%,2.61%,2.30%
FL-Orlando Suburban,36740,202.4,10.39%,9.52%,12.99%,10.58%,-0.26%,3.31%,3.28%,3.43%,7.66%,9.08%,10.38%,7.88%,8.01%,9.44%,8.00%,6.43%,6.55%,6.78%,6.35%,11.24%,6.56%,3.95%,4.59%,3.78%,4.65%,5.15%,4.87%,4.56%,4.34%,4.27%,4.33%,5.04%,6.21%,6.84%,5.30%,6.16%,4.81%,3.16%,1.35%,1.73%,3.29%,3.75%,3.64%,4.01%,3.99%,4.26%,4.20%
FL-Orlando Urban,36740,"2,253.43",5.20%,7.24%,7.08%,5.36%,1.43%,2.16%,2.92%,3.22%,4.04%,3.85%,3.52%,3.48%,4.17%,4.15%,3.72%,4.04%,4.01%,3.21%,4.43%,5.42%,3.13%,2.66%,2.72%,2.63%,2.21%,2.64%,3.28%,2.98%,2.35%,2.90%,3.10%,2.67%,2.51%,3.27%,3.99%,2.91%,1.47%,1.20%,1.15%,1.24%,1.51%,2.14%,1.77%,2.22%,2.51%,2.35%,2.00%
TX-San Antonio,41700,351.55,2.98%,2.16%,2.98%,1.57%,0.88%,1.79%,2.04%,1.66%,1.32%,2.07%,2.14%,2.95%,2.61%,2.38%,2.61%,2.98%,2.31%,0.47%,0.49%,0.69%,1.64%,2.18%,2.25%,2.46%,2.27%,1.87%,1.83%,1.91%,1.76%,1.84%,1.63%,2.06%,1.78%,2.30%,2.08%,3.17%,2.82%,2.47%,2.15%,2.25%,1.89%,1.95%,1.94%,2.13%,2.17%,1.98%,1.97%
TX-San Antonio Suburban,41700,204.19,2.99%,4.95%,5.38%,2.08%,2.06%,2.14%,2.87%,2.63%,3.24%,3.27%,2.02%,3.18%,3.79%,3.72%,3.29%,3.95%,3.62%,2.56%,1.94%,1.43%,2.20%,2.45%,3.92%,4.82%,4.68%,4.19%,3.92%,3.99%,3.46%,3.50%,2.47%,2.52%,2.62%,3.02%,2.91%,4.19%,3.64%,3.34%,2.56%,2.41%,1.94%,2.20%,2.34%,2.65%,2.86%,2.94%,3.40%
TX-San Antonio Urban,41700,"1,383.10",2.97%,1.75%,2.62%,1.49%,0.70%,1.73%,1.90%,1.50%,1.01%,1.87%,2.16%,2.91%,2.41%,2.16%,2.49%,2.81%,2.08%,0.09%,0.22%,0.55%,1.54%,2.13%,1.93%,2.01%,1.80%,1.39%,1.39%,1.47%,1.38%,1.46%,1.44%,1.95%,1.58%,2.13%,1.89%,2.92%,2.62%,2.26%,2.05%,2.21%,1.88%,1.89%,1.85%,2.00%,2.00%,1.74%,1.60%
OR-Portland,38900,555.2,1.72%,2.62%,2.07%,1.47%,1.51%,1.73%,2.42%,2.64%,2.91%,2.65%,1.30%,0.65%,-0.17%,0.68%,0.80%,1.32%,0.96%,2.17%,2.27%,3.28%,3.18%,2.59%,2.70%,2.31%,2.40%,2.74%,2.38%,1.93%,1.65%,1.50%,1.88%,1.61%,1.06%,0.75%,1.37%,1.73%,1.65%,1.64%,1.56%,1.14%,1.21%,1.17%,1.06%,1.44%,1.70%,1.72%,1.24%
OR-Portland Suburban,38900,363.58,3.44%,4.45%,5.03%,2.90%,3.88%,3.19%,3.57%,4.87%,4.49%,3.70%,1.90%,1.23%,0.06%,1.03%,1.25%,1.95%,1.94%,2.50%,3.32%,4.28%,3.91%,3.27%,3.36%,3.10%,3.14%,3.38%,3.05%,2.53%,2.09%,1.97%,2.22%,1.91%,1.40%,1.64%,1.88%,1.93%,1.45%,1.38%,1.31%,1.06%,1.09%,1.04%,1.12%,1.37%,1.72%,1.86%,1.48%
OR-Portland Urban,38900,"1,704.90",0.08%,0.80%,-0.96%,-0.08%,-1.16%,0.00%,1.03%,-0.14%,0.83%,1.23%,0.46%,-0.18%,-0.50%,0.18%,0.15%,0.39%,-0.51%,1.68%,0.66%,1.70%,1.99%,1.45%,1.61%,0.96%,1.12%,1.58%,1.17%,0.82%,0.82%,0.60%,1.21%,1.04%,0.40%,-1.00%,0.35%,1.32%,2.05%,2.18%,2.07%,1.30%,1.45%,1.43%,0.92%,1.56%,1.66%,1.42%,0.75%
PA-Pittsburgh,38300,727.31,0.04%,-0.33%,-0.79%,-0.99%,-0.08%,-0.25%,-0.38%,-0.33%,-0.57%,-0.45%,-0.64%,-0.40%,-0.52%,-0.95%,-1.52%,-1.03%,-0.86%,-0.60%,-0.40%,-0.01%,0.30%,0.37%,0.20%,-0.16%,-0.28%,-0.36%,-0.45%,-0.43%,-0.46%,-0.42%,-0.45%,-0.38%,-0.30%,-0.50%,-0.61%,-0.44%,-0.22%,-0.09%,-0.06%,0.07%,0.11%,0.03%,-0.01%,-0.14%,-0.32%,-0.32%,-0.35%
PA-Pittsburgh Suburban,38300,474.56,0.95%,0.75%,0.25%,-0.28%,0.98%,0.59%,0.13%,0.30%,0.29%,-0.27%,-0.38%,-0.17%,-0.48%,-0.73%,-1.27%,-0.88%,-0.87%,-0.47%,-0.16%,0.29%,0.46%,0.58%,0.65%,0.23%,0.22%,-0.01%,-0.19%,-0.11%,-0.32%,-0.20%,-0.16%,-0.09%,0.12%,-0.11%,-0.08%,-0.04%,-0.06%,0.06%,-0.11%,0.08%,-0.08%,-0.17%,-0.27%,-0.23%,-0.34%,-0.43%,-0.28%
PA-Pittsburgh Urban,38300,"1,359.20",-0.48%,-0.95%,-1.41%,-1.41%,-0.73%,-0.77%,-0.70%,-0.73%,-1.11%,-0.57%,-0.80%,-0.54%,-0.54%,-1.10%,-1.68%,-1.12%,-0.86%,-0.68%,-0.56%,-0.21%,0.18%,0.22%,-0.10%,-0.42%,-0.61%,-0.60%,-0.62%,-0.64%,-0.55%,-0.57%,-0.65%,-0.58%,-0.59%,-0.78%,-0.99%,-0.73%,-0.33%,-0.20%,-0.02%,0.05%,0.25%,0.17%,0.17%,-0.07%,-0.30%,-0.25%,-0.40%
CA-Sacremento,40900,505.58,2.67%,3.04%,0.35%,2.37%,2.32%,2.34%,2.99%,4.07%,2.96%,3.29%,2.40%,3.11%,2.18%,2.04%,2.66%,2.75%,3.59%,3.58%,3.60%,6.51%,2.99%,1.56%,1.05%,0.83%,1.46%,1.67%,1.67%,1.84%,2.04%,2.30%,3.23%,3.06%,2.45%,1.93%,1.30%,1.13%,1.18%,1.25%,1.15%,1.00%,0.93%,0.86%,0.95%,1.17%,1.23%,1.25%,1.29%
CA-Sacremento Suburban,40900,183.83,3.36%,4.97%,1.12%,3.33%,3.18%,3.10%,5.08%,7.33%,3.61%,5.20%,2.60%,2.86%,1.48%,2.18%,3.11%,2.61%,3.71%,4.41%,5.04%,6.17%,3.09%,2.27%,2.26%,2.27%,2.63%,2.51%,2.65%,2.75%,2.81%,3.11%,3.81%,3.73%,3.15%,2.76%,2.17%,2.12%,1.85%,1.83%,1.43%,1.14%,0.99%,0.90%,1.07%,1.04%,1.16%,1.45%,1.57%
CA-Sacremento Urban,40900,"1,470.80",2.44%,2.38%,0.09%,2.03%,2.02%,2.06%,2.22%,2.85%,2.70%,2.54%,2.32%,3.21%,2.46%,1.99%,2.48%,2.80%,3.55%,3.24%,3.01%,6.65%,2.95%,1.26%,0.54%,0.22%,0.95%,1.30%,1.23%,1.43%,1.69%,1.93%,2.95%,2.75%,2.11%,1.54%,0.88%,0.64%,0.85%,0.96%,1.02%,0.93%,0.90%,0.84%,0.89%,1.24%,1.26%,1.14%,1.15%
OH-Cincinnati,17140,828.32,0.41%,-0.09%,0.59%,-0.11%,-0.14%,0.57%,0.59%,0.79%,0.43%,0.44%,0.21%,0.23%,0.04%,0.45%,0.57%,0.74%,0.99%,0.61%,0.51%,0.90%,1.18%,1.06%,1.15%,0.70%,0.70%,0.67%,0.85%,0.76%,0.68%,0.76%,0.63%,0.41%,0.55%,0.55%,0.59%,0.73%,0.68%,0.53%,0.60%,0.48%,0.23%,0.26%,0.38%,0.48%,0.42%,0.48%,0.60%
OH-Cincinnati Suburban,17140,402.46,1.25%,0.99%,1.51%,0.65%,1.24%,1.07%,1.77%,2.06%,1.72%,1.64%,0.56%,0.58%,0.31%,0.95%,0.88%,1.30%,1.82%,1.38%,1.35%,1.93%,1.89%,1.78%,2.07%,1.62%,1.65%,1.57%,1.82%,1.69%,1.75%,1.85%,1.44%,1.38%,1.56%,1.59%,1.56%,1.65%,1.36%,1.02%,0.80%,0.76%,0.50%,0.30%,0.46%,0.60%,0.57%,0.65%,0.69%
OH-Cincinnati Urban,17140,"3,596.40",-0.26%,-0.97%,-0.17%,-0.76%,-1.34%,0.13%,-0.46%,-0.37%,-0.78%,-0.70%,-0.15%,-0.11%,-0.23%,-0.05%,0.25%,0.18%,0.14%,-0.19%,-0.37%,-0.21%,0.40%,0.25%,0.10%,-0.36%,-0.43%,-0.41%,-0.34%,-0.41%,-0.69%,-0.68%,-0.45%,-0.93%,-0.87%,-0.94%,-0.83%,-0.66%,-0.38%,-0.25%,0.29%,0.02%,-0.21%,0.19%,0.25%,0.29%,0.19%,0.20%,0.46%
NV-Las Vegas,29820,676.2,5.69%,4.92%,3.89%,5.49%,4.28%,5.17%,5.53%,5.88%,6.89%,6.31%,5.02%,4.25%,3.21%,2.77%,2.97%,3.51%,5.33%,5.83%,6.80%,9.36%,7.92%,5.06%,5.25%,7.79%,6.50%,6.18%,7.03%,6.29%,5.59%,5.50%,4.78%,4.28%,4.02%,4.96%,4.01%,4.29%,3.55%,2.38%,1.41%,0.70%,0.70%,1.51%,1.49%,1.92%,2.20%,2.20%,2.20%
NV-Las Vegas Suburban,29820,676.2,5.69%,4.92%,3.89%,5.49%,4.28%,5.17%,5.53%,5.88%,6.89%,6.31%,5.02%,4.25%,3.21%,2.77%,2.97%,3.51%,5.33%,5.83%,6.80%,9.36%,7.92%,5.06%,5.25%,7.79%,6.50%,6.18%,7.03%,6.29%,5.59%,5.50%,4.78%,4.28%,4.02%,4.96%,4.01%,4.29%,3.55%,2.38%,1.41%,0.70%,0.70%,1.51%,1.49%,1.92%,2.20%,2.20%,2.20%
NV-Las Vegas Urban,29820,0,,,,,,,,,,,,,,,,,,,,,,,,,,,,,,,,,,,,,,,,,,,,,,,
MO-Kansas City,28140,383.94,0.86%,0.52%,1.03%,-0.25%,-0.49%,0.57%,0.21%,0.94%,0.47%,0.60%,0.36%,0.32%,0.54%,1.07%,1.16%,1.18%,1.42%,1.10%,0.55%,1.01%,1.09%,1.03%,1.25%,1.19%,0.98%,1.33%,1.33%,1.16%,1.11%,1.18%,1.08%,1.16%,0.88%,0.90%,0.92%,1.17%,1.19%,0.98%,1.06%,0.93%,0.57%,0.67%,0.76%,0.76%,0.75%,1.01%,1.07%
MO-Kansas City Suburban,28140,188.3,1.83%,2.73%,2.95%,0.81%,1.22%,0.54%,0.64%,1.66%,0.56%,1.14%,0.52%,0.62%,0.61%,1.33%,1.36%,1.42%,2.08%,1.75%,1.11%,1.82%,1.67%,1.31%,1.83%,1.72%,1.66%,1.62%,1.90%,1.50%,1.85%,1.58%,1.60%,1.55%,1.23%,1.61%,1.46%,1.80%,1.80%,1.25%,1.14%,1.11%,0.56%,0.54%,0.70%,0.67%,0.71%,1.28%,1.42%
MO-Kansas City Urban,28140,"1,101.30",0.53%,-0.23%,0.35%,-0.63%,-1.12%,0.59%,0.04%,0.67%,0.44%,0.39%,0.29%,0.21%,0.51%,0.97%,1.08%,1.09%,1.17%,0.85%,0.33%,0.68%,0.85%,0.91%,1.01%,0.98%,0.70%,1.21%,1.10%,1.02%,0.80%,1.01%,0.85%,0.98%,0.73%,0.59%,0.67%,0.88%,0.91%,0.86%,1.03%,0.85%,0.57%,0.73%,0.79%,0.80%,0.77%,0.89%,0.91%
TX-Austin,12420,380.74,4.04%,6.85%,5.67%,2.66%,2.34%,4.09%,2.77%,1.24%,6.10%,3.17%,2.77%,4.54%,5.50%,5.89%,7.19%,4.56%,1.80%,1.21%,1.80%,2.41%,3.38%,3.65%,4.05%,4.12%,4.31%,4.02%,3.56%,3.99%,4.35%,4.90%,4.46%,2.01%,2.09%,2.47%,3.07%,4.27%,4.12%,3.55%,2.97%,2.68%,3.07%,3.03%,2.67%,3.12%,3.01%,2.99%,2.68%
TX-Austin Suburban,12420,217.33,4.28%,6.28%,7.14%,2.44%,0.44%,3.07%,5.36%,6.81%,6.12%,6.67%,4.70%,4.63%,5.87%,7.10%,9.49%,7.76%,3.89%,1.83%,2.50%,1.66%,2.84%,3.35%,4.40%,5.52%,5.71%,6.13%,5.29%,5.22%,5.87%,6.67%,7.00%,4.89%,4.00%,3.76%,4.24%,5.02%,5.44%,4.93%,3.47%,3.13%,3.15%,2.66%,3.19%,3.85%,4.00%,4.07%,3.87%
TX-Austin Urban,12420,"1,034.40",3.95%,7.06%,5.15%,2.75%,3.01%,4.44%,1.89%,-0.72%,6.09%,1.85%,2.00%,4.50%,5.35%,5.39%,6.23%,3.19%,0.86%,0.92%,1.47%,2.76%,3.63%,3.79%,3.88%,3.47%,3.65%,3.00%,2.70%,3.36%,3.57%,3.96%,3.07%,0.38%,0.97%,1.69%,2.35%,3.80%,3.27%,2.65%,2.63%,2.39%,3.02%,3.28%,2.32%,2.62%,2.34%,2.23%,1.84%
OH-Cleveland,17460,"1,128.32",-0.28%,-1.51%,-0.51%,-0.81%,-0.45%,-0.79%,-0.28%,-0.31%,-1.01%,-0.56%,-0.47%,-0.53%,-0.19%,-0.24%,-0.47%,-0.50%,-0.32%,-0.56%,0.08%,0.03%,0.63%,0.64%,0.44%,0.28%,0.18%,0.16%,-0.04%,-0.05%,-0.08%,-0.11%,-0.27%,-0.26%,-0.24%,-0.39%,-0.53%,-0.58%,-0.37%,-0.31%,-0.19%,-0.26%,-0.32%,-0.21%,0.05%,0.02%,-0.16%,-0.13%,-0.06%
OH-Cleveland Suburban,17460,418.67,0.85%,0.65%,2.74%,1.53%,1.41%,-0.23%,2.88%,2.81%,0.20%,1.09%,-0.14%,-0.11%,-0.37%,-0.13%,-0.08%,-0.01%,0.58%,1.14%,0.98%,0.96%,1.18%,1.28%,0.74%,1.14%,1.17%,1.20%,1.13%,0.71%,0.84%,1.04%,0.68%,1.00%,1.31%,0.81%,0.92%,0.90%,0.49%,0.46%,0.41%,0.24%,0.22%,0.07%,0.41%,0.48%,0.21%,0.35%,0.50%
OH-Cleveland Urban,17460,"2,192.80",-0.51%,-1.97%,-1.22%,-1.35%,-0.88%,-0.92%,-1.05%,-1.09%,-1.32%,-1.00%,-0.56%,-0.64%,-0.14%,-0.28%,-0.58%,-0.63%,-0.56%,-1.03%,-0.18%,-0.24%,0.47%,0.45%,0.35%,0.02%,-0.12%,-0.16%,-0.41%,-0.29%,-0.37%,-0.48%,-0.58%,-0.68%,-0.76%,-0.80%,-1.03%,-1.11%,-0.68%,-0.59%,-0.42%,-0.45%,-0.52%,-0.31%,-0.08%,-0.16%,-0.31%,-0.32%,-0.28%
OH-Columbus,18140,"1,292.65",1.85%,0.93%,1.02%,1.22%,0.99%,0.22%,1.02%,0.61%,0.49%,-0.07%,0.83%,0.25%,0.60%,0.75%,0.90%,0.99%,1.27%,1.74%,1.25%,1.40%,1.65%,1.68%,1.52%,1.27%,1.23%,0.87%,1.26%,1.46%,1.31%,1.44%,1.47%,1.15%,1.33%,1.16%,1.22%,1.44%,1.35%,1.31%,1.17%,1.00%,1.04%,1.06%,1.26%,1.39%,1.24%,1.18%,1.55%
OH-Columbus Suburban,18140,169.43,2.11%,1.39%,1.16%,1.78%,3.11%,-0.47%,0.93%,1.44%,0.81%,0.61%,0.50%,0.25%,0.23%,0.25%,1.18%,0.17%,0.76%,1.02%,1.36%,0.94%,1.18%,1.59%,1.40%,1.25%,1.23%,-0.53%,0.78%,2.18%,0.71%,1.09%,0.79%,0.75%,1.22%,1.17%,1.17%,1.29%,1.25%,0.88%,0.36%,0.54%,0.14%,0.05%,0.15%,0.57%,0.37%,0.32%,0.74%
OH-Columbus Urban,18140,"2,977.48",1.79%,0.82%,0.99%,1.07%,0.44%,0.41%,1.05%,0.39%,0.41%,-0.24%,0.92%,0.25%,0.69%,0.88%,0.83%,1.21%,1.40%,1.93%,1.22%,1.53%,1.78%,1.70%,1.54%,1.28%,1.23%,1.22%,1.38%,1.28%,1.46%,1.53%,1.64%,1.24%,1.35%,1.16%,1.23%,1.48%,1.38%,1.41%,1.37%,1.11%,1.25%,1.30%,1.51%,1.58%,1.44%,1.37%,1.73%
IN-Indianapolis,26900,850.68,0.62%,0.82%,0.38%,0.69%,-0.16%,0.29%,0.41%,0.70%,0.39%,0.50%,0.13%,0.06%,0.08%,0.62%,0.46%,0.59%,0.96%,0.70%,0.98%,1.37%,1.83%,1.62%,1.65%,1.59%,1.44%,1.43%,1.35%,1.29%,1.49%,1.49%,1.40%,1.23%,1.25%,1.23%,1.27%,1.57%,1.43%,1.30%,1.25%,1.01%,0.95%,0.97%,1.26%,0.90%,0.81%,0.94%,1.15%
IN-Indianapolis Suburban,26900,390.87,1.25%,1.47%,1.33%,0.91%,0.81%,1.29%,1.16%,1.25%,1.29%,1.40%,-0.25%,-0.22%,-0.24%,0.05%,0.07%,0.26%,0.48%,0.24%,0.61%,1.23%,1.32%,1.50%,1.54%,1.76%,1.57%,1.55%,1.59%,1.55%,1.65%,1.85%,1.44%,1.67%,1.46%,1.52%,1.46%,1.78%,1.60%,1.25%,0.96%,0.83%,0.58%,0.43%,0.89%,0.74%,0.68%,0.91%,1.27%
IN-Indianapolis Urban,26900,"1,655.35",0.40%,0.59%,0.04%,0.60%,-0.52%,-0.09%,0.13%,0.49%,0.04%,0.15%,0.28%,0.16%,0.21%,0.85%,0.61%,0.72%,1.14%,0.88%,1.11%,1.43%,2.02%,1.66%,1.70%,1.53%,1.40%,1.38%,1.26%,1.20%,1.43%,1.36%,1.38%,1.07%,1.16%,1.13%,1.20%,1.48%,1.37%,1.32%,1.36%,1.08%,1.09%,1.18%,1.40%,0.97%,0.86%,0.96%,1.10%
CA-San Jose,41940,710.4,2.61%,3.46%,2.22%,0.11%,2.44%,1.23%,2.10%,2.36%,0.91%,2.35%,1.85%,1.58%,2.17%,1.67%,1.74%,0.80%,1.30%,1.76%,1.83%,0.06%,1.00%,1.27%,1.18%,0.85%,1.27%,1.87%,1.89%,1.42%,0.87%,0.91%,0.23%,-1.05%,-0.33%,-0.05%,0.70%,0.89%,1.19%,1.65%,1.36%,1.24%,1.51%,1.54%,1.57%,1.34%,1.20%,0.67%,0.38%
CA-San Jose Suburban,41940,39.8,1.95%,2.21%,3.00%,2.78%,3.52%,4.56%,4.06%,3.87%,2.88%,3.62%,2.78%,3.91%,3.14%,4.33%,4.94%,4.13%,4.11%,4.32%,5.13%,1.94%,1.34%,2.66%,3.06%,3.27%,3.80%,4.33%,5.75%,5.06%,4.88%,4.50%,1.60%,0.75%,0.26%,-0.63%,-0.37%,-0.96%,-0.10%,0.36%,0.31%,2.01%,0.90%,1.19%,1.18%,1.05%,0.67%,1.66%,1.64%
CA-San Jose Urban,41940,"1,381.00",2.62%,3.48%,2.21%,0.06%,2.42%,1.17%,2.07%,2.33%,0.87%,2.32%,1.83%,1.53%,2.15%,1.62%,1.67%,0.73%,1.24%,1.70%,1.76%,0.01%,0.99%,1.24%,1.13%,0.79%,1.21%,1.80%,1.79%,1.32%,0.76%,0.80%,0.19%,-1.11%,-0.34%,-0.03%,0.73%,0.95%,1.23%,1.69%,1.39%,1.21%,1.53%,1.55%,1.58%,1.35%,1.21%,0.64%,0.34%
TN-Nashville,34980,260.77,1.29%,3.02%,1.34%,2.11%,2.26%,1.34%,2.11%,2.24%,1.99%,1.86%,0.86%,0.62%,0.96%,1.51%,1.53%,2.02%,2.36%,1.40%,1.24%,1.32%,2.01%,2.22%,2.61%,2.79%,2.61%,2.50%,2.41%,1.98%,1.76%,1.83%,1.57%,1.33%,1.55%,1.96%,2.22%,2.78%,2.51%,2.17%,1.68%,1.30%,1.32%,1.70%,1.81%,1.98%,2.05%,2.15%,1.83%
TN-Nashville Suburban,34980,185.19,1.93%,5.77%,4.00%,3.83%,3.00%,2.88%,4.43%,3.31%,2.70%,2.75%,1.46%,0.97%,0.84%,2.30%,2.39%,2.60%,3.05%,2.10%,1.99%,2.54%,2.93%,2.75%,3.36%,3.64%,3.53%,3.48%,3.34%,3.32%,2.90%,2.73%,2.21%,2.22%,2.24%,2.60%,2.91%,3.72%,3.30%,2.73%,1.87%,1.41%,1.38%,1.43%,1.92%,2.22%,2.30%,2.76%,2.70%
TN-Nashville Urban,34980,"1,243.30",0.80%,0.86%,-0.85%,0.64%,1.61%,-0.06%,-0.05%,1.21%,1.28%,0.96%,0.25%,0.25%,1.08%,0.69%,0.63%,1.40%,1.61%,0.63%,0.40%,-0.06%,0.94%,1.59%,1.71%,1.76%,1.46%,1.25%,1.19%,0.20%,0.19%,0.56%,0.65%,0.02%,0.53%,1.00%,1.16%,1.32%,1.24%,1.26%,1.36%,1.12%,1.21%,2.16%,1.62%,1.58%,1.64%,1.12%,0.34%
VA-Virginia Beach,47260,"1,245.99",0.94%,0.02%,2.07%,1.79%,0.71%,1.22%,1.61%,0.90%,0.12%,3.84%,2.08%,0.66%,2.50%,2.12%,0.95%,2.50%,2.91%,1.93%,1.19%,1.64%,0.86%,2.23%,1.41%,0.64%,0.48%,0.47%,0.34%,0.04%,0.71%,1.05%,0.55%,0.93%,0.50%,1.63%,0.39%,1.02%,-0.13%,-0.06%,0.36%,0.69%,0.39%,0.64%,0.47%,0.56%,0.32%,0.14%,0.14%
VA-Virginia Beach Suburban,47260,398.92,2.55%,3.24%,2.79%,2.91%,1.76%,3.45%,2.63%,2.62%,1.23%,15.08%,1.14%,1.88%,1.99%,2.65%,2.89%,2.59%,3.41%,3.05%,2.41%,2.54%,2.38%,2.66%,3.55%,3.05%,2.73%,2.23%,2.09%,1.73%,1.63%,2.18%,1.62%,1.90%,2.23%,2.70%,2.13%,1.94%,1.04%,0.87%,0.92%,1.20%,0.50%,0.76%,0.75%,1.21%,0.93%,0.93%,1.05%
VA-Virginia Beach Urban,47260,"2,657.77",0.55%,-0.77%,1.88%,1.50%,0.44%,0.64%,1.33%,0.42%,-0.20%,0.64%,2.39%,0.26%,2.67%,1.95%,0.32%,2.47%,2.74%,1.54%,0.77%,1.33%,0.32%,2.07%,0.64%,-0.25%,-0.38%,-0.23%,-0.38%,-0.66%,0.32%,0.56%,0.08%,0.50%,-0.29%,1.13%,-0.43%,0.57%,-0.71%,-0.53%,0.07%,0.43%,0.34%,0.58%,0.32%,0.22%,0.00%,-0.28%,-0.34%
RI-Providence,39300,"1,364.20",1.10%,1.20%,0.51%,-1.72%,-0.46%,0.69%,0.44%,0.26%,0.31%,-0.37%,0.36%,0.09%,0.20%,0.53%,0.68%,0.74%,1.13%,0.99%,0.68%,0.63%,0.40%,0.21%,0.38%,0.26%,0.25%,0.38%,0.47%,0.61%,0.85%,0.92%,0.59%,0.83%,0.55%,0.18%,-0.45%,-0.36%,-0.31%,-0.07%,-0.03%,0.09%,-0.05%,0.16%,0.09%,0.29%,0.19%,0.17%,0.32%
RI-Providence Suburban,39300,842.3,1.68%,1.98%,1.73%,-7.39%,-0.89%,2.19%,1.71%,0.63%,0.45%,0.12%,0.45%,0.47%,0.01%,1.25%,1.20%,1.42%,1.75%,1.05%,-0.14%,1.22%,0.72%,0.19%,0.18%,0.07%,0.11%,0.54%,0.52%,0.46%,1.02%,1.04%,0.55%,0.69%,0.43%,0.12%,-0.73%,-0.20%,-0.82%,-0.22%,0.22%,-0.27%,-0.37%,-0.24%,-0.11%,0.03%,-0.09%,-0.04%,0.05%
RI-Providence Urban,39300,"1,886.10",0.92%,0.96%,0.13%,0.05%,-0.34%,0.26%,0.07%,0.15%,0.27%,-0.51%,0.34%,-0.02%,0.26%,0.31%,0.53%,0.54%,0.93%,0.97%,0.94%,0.44%,0.30%,0.21%,0.44%,0.32%,0.29%,0.33%,0.45%,0.66%,0.80%,0.89%,0.60%,0.88%,0.59%,0.20%,-0.36%,-0.40%,-0.15%,-0.02%,-0.11%,0.20%,0.04%,0.28%,0.15%,0.38%,0.27%,0.23%,0.41%
WI-Milwaukee,33340,"1,434.38",0.08%,0.77%,-0.47%,0.01%,-1.01%,0.32%,-0.40%,-0.35%,0.43%,0.11%,-0.37%,0.00%,-0.31%,-0.17%,0.32%,0.14%,0.48%,0.82%,0.85%,0.96%,1.01%,0.89%,0.55%,0.38%,0.34%,0.32%,0.09%,0.23%,0.36%,0.41%,0.32%,0.46%,0.36%,0.17%,0.01%,0.10%,0.43%,0.51%,0.74%,0.46%,0.32%,0.39%,0.25%,0.21%,0.09%,-0.01%,0.01%
WI-Milwaukee Suburban,33340,603.83,0.73%,1.30%,2.76%,1.65%,2.68%,1.45%,2.91%,3.66%,1.99%,2.16%,-0.30%,-0.01%,-0.26%,0.80%,0.73%,0.78%,1.63%,2.29%,1.58%,2.33%,2.19%,2.17%,2.06%,2.12%,1.76%,1.65%,1.29%,1.20%,1.32%,1.25%,0.94%,1.13%,1.02%,0.89%,0.76%,0.64%,0.91%,0.74%,0.57%,0.24%,0.26%,0.42%,0.24%,0.35%,0.22%,0.53%,0.54%
WI-Milwaukee Urban,33340,"3,926.00",-0.14%,0.59%,-1.56%,-0.57%,-2.34%,-0.10%,-1.68%,-1.97%,-0.23%,-0.78%,-0.40%,0.00%,-0.33%,-0.61%,0.14%,-0.15%,-0.05%,0.14%,0.50%,0.30%,0.42%,0.25%,-0.23%,-0.54%,-0.42%,-0.42%,-0.58%,-0.32%,-0.20%,-0.08%,-0.05%,0.06%,-0.04%,-0.28%,-0.47%,-0.24%,0.13%,0.35%,0.85%,0.60%,0.36%,0.37%,0.26%,0.12%,0.00%,-0.36%,-0.34%
FL-Jacksonville,27260,"1,352.00",1.65%,1.83%,2.10%,4.23%,0.43%,1.14%,0.91%,1.55%,0.84%,2.70%,1.91%,1.72%,1.94%,2.66%,2.93%,3.08%,2.52%,2.48%,0.88%,3.08%,2.51%,2.32%,1.31%,1.41%,1.61%,3.11%,2.35%,1.65%,1.38%,1.47%,1.94%,2.03%,1.85%,2.50%,2.14%,2.66%,1.91%,1.22%,0.93%,1.04%,0.97%,1.18%,1.17%,1.69%,1.99%,2.11%,1.93%
FL-Jacksonville Suburban,27260,307.1,5.19%,6.39%,8.60%,10.91%,4.64%,4.20%,6.27%,6.20%,5.34%,5.60%,4.26%,4.04%,3.99%,5.55%,5.71%,4.75%,4.07%,4.27%,4.35%,4.15%,3.07%,2.94%,3.35%,3.14%,3.24%,4.07%,3.81%,3.00%,2.52%,3.07%,3.32%,3.99%,3.65%,5.53%,4.55%,5.04%,3.60%,2.58%,1.71%,1.80%,1.39%,1.83%,2.18%,2.69%,2.85%,3.01%,3.00%
FL-Jacksonville Urban,27260,"2,919.35",1.18%,1.20%,1.15%,3.19%,-0.28%,0.60%,-0.07%,0.64%,-0.08%,2.08%,1.38%,1.19%,1.46%,1.96%,2.23%,2.64%,2.12%,1.99%,-0.08%,2.78%,2.35%,2.13%,0.71%,0.88%,1.10%,2.81%,1.88%,1.22%,1.00%,0.93%,1.46%,1.34%,1.20%,1.38%,1.22%,1.72%,1.22%,0.65%,0.59%,0.72%,0.78%,0.90%,0.73%,1.24%,1.60%,1.70%,1.43%
OK-Oklahoma City,36420,299.37,2.93%,2.53%,1.92%,1.00%,0.68%,1.26%,1.55%,1.99%,1.77%,2.98%,2.32%,4.42%,3.70%,1.20%,0.43%,-0.39%,-1.42%,-0.37%,0.37%,0.26%,1.18%,1.47%,1.66%,1.41%,0.97%,1.21%,1.28%,0.93%,1.22%,0.90%,0.98%,1.21%,1.09%,0.98%,1.38%,1.84%,1.44%,1.42%,1.74%,1.61%,1.46%,1.64%,1.73%,1.23%,1.53%,1.21%,0.82%
OK-Oklahoma City Suburban,36420,180.3,4.76%,5.96%,5.81%,5.17%,0.97%,3.05%,4.25%,3.78%,5.56%,4.63%,3.49%,5.97%,5.03%,2.84%,1.31%,0.71%,-0.21%,-0.55%,0.59%,0.87%,1.42%,1.53%,2.13%,1.75%,1.70%,1.60%,1.85%,1.41%,1.46%,1.21%,1.76%,1.60%,1.93%,1.73%,2.19%,3.03%,2.32%,2.22%,2.14%,2.06%,1.66%,1.53%,1.71%,0.97%,1.80%,1.52%,1.28%
OK-Oklahoma City Urban,36420,"1,013.80",2.25%,1.21%,0.35%,-0.77%,0.56%,0.44%,0.31%,1.12%,-0.10%,2.12%,1.69%,3.57%,2.96%,0.28%,-0.09%,-1.05%,-2.15%,-0.26%,0.23%,-0.11%,1.02%,1.43%,1.37%,1.20%,0.51%,0.96%,0.91%,0.62%,1.06%,0.70%,0.46%,0.95%,0.51%,0.47%,0.82%,1.00%,0.80%,0.83%,1.44%,1.28%,1.31%,1.72%,1.75%,1.43%,1.32%,0.97%,0.48%
TN-Memphis,32820,370.5,0.98%,1.57%,0.40%,1.29%,0.33%,0.60%,0.60%,0.85%,1.32%,0.85%,-0.27%,0.31%,0.44%,0.35%,1.07%,0.97%,1.26%,1.38%,0.90%,0.70%,1.22%,1.16%,1.17%,1.40%,1.35%,1.17%,0.94%,1.24%,1.33%,1.12%,0.69%,0.86%,0.99%,0.92%,1.03%,1.56%,0.81%,0.66%,0.53%,0.65%,0.46%,0.59%,0.06%,0.11%,0.08%,0.13%,0.23%
TN-Memphis Suburban,32820,153.74,0.35%,3.55%,5.36%,1.75%,1.41%,0.43%,0.63%,0.74%,1.21%,0.58%,0.31%,0.31%,0.53%,0.25%,1.16%,0.90%,1.81%,1.70%,1.38%,1.47%,1.87%,1.72%,2.56%,2.49%,2.53%,2.69%,2.81%,3.31%,2.70%,2.85%,2.14%,2.17%,2.39%,2.44%,2.73%,3.44%,2.41%,2.35%,1.28%,0.70%,0.34%,0.44%,0.35%,0.45%,0.38%,0.59%,0.75%
TN-Memphis Urban,32820,"1,129.15",1.12%,1.11%,-0.78%,1.18%,0.06%,0.64%,0.60%,0.88%,1.34%,0.92%,-0.42%,0.31%,0.42%,0.38%,1.05%,0.98%,1.12%,1.30%,0.78%,0.49%,1.05%,1.01%,0.80%,1.11%,1.02%,0.74%,0.40%,0.64%,0.92%,0.59%,0.24%,0.44%,0.55%,0.42%,0.47%,0.92%,0.24%,0.05%,0.25%,0.63%,0.50%,0.64%,-0.05%,-0.02%,-0.04%,-0.04%,0.03%
NC-Raleigh,39580,"1,159.43",2.77%,2.79%,2.73%,2.79%,1.72%,1.67%,2.27%,2.06%,2.18%,2.73%,1.94%,1.89%,2.77%,3.87%,4.38%,3.30%,2.34%,3.38%,3.16%,4.08%,3.51%,3.63%,4.05%,4.17%,4.42%,4.23%,3.89%,3.96%,3.56%,3.52%,3.60%,3.12%,2.82%,2.96%,3.87%,4.71%,4.58%,4.13%,3.05%,2.46%,2.28%,2.20%,2.15%,2.32%,2.44%,2.52%,2.31%
NC-Raleigh Suburban,39580,213.4,1.40%,2.19%,0.28%,1.39%,2.27%,1.23%,0.91%,1.74%,1.13%,0.90%,0.92%,0.86%,0.70%,2.11%,2.38%,1.55%,1.14%,1.30%,1.36%,2.40%,3.17%,3.35%,3.36%,3.43%,4.85%,4.53%,4.45%,5.13%,4.78%,4.68%,3.41%,3.62%,2.67%,3.26%,3.11%,3.67%,3.99%,3.89%,2.93%,1.93%,1.68%,1.15%,1.66%,2.00%,2.43%,3.10%,2.94%
NC-Raleigh Urban,39580,"1,632.45",3.10%,2.93%,3.30%,3.11%,1.59%,1.77%,2.57%,2.13%,2.41%,3.13%,2.16%,2.11%,3.19%,4.23%,4.77%,3.64%,2.57%,3.77%,3.49%,4.38%,3.57%,3.68%,4.17%,4.30%,4.34%,4.18%,3.80%,3.75%,3.35%,3.32%,3.63%,3.03%,2.85%,2.91%,4.01%,4.90%,4.68%,4.17%,3.08%,2.56%,2.39%,2.38%,2.23%,2.37%,2.44%,2.42%,2.21%
KY-Louisville,31140,593.39,1.35%,0.29%,1.27%,0.90%,0.33%,0.49%,0.19%,0.69%,0.41%,-0.25%,-0.09%,0.18%,-0.08%,-0.17%,-0.17%,-0.11%,0.05%,-0.07%,0.13%,0.44%,0.99%,1.00%,1.05%,0.92%,0.94%,0.80%,0.81%,0.81%,0.99%,0.92%,0.72%,0.71%,1.00%,0.89%,0.92%,1.24%,1.31%,1.18%,0.91%,0.78%,0.56%,0.63%,0.87%,0.61%,0.55%,0.54%,0.71%
KY-Louisville Suburban,31140,395.71,1.71%,1.88%,2.27%,2.51%,2.36%,2.73%,2.82%,2.96%,2.39%,1.52%,0.66%,0.29%,0.26%,0.20%,0.25%,0.18%,0.54%,1.13%,0.79%,1.16%,1.87%,1.56%,2.14%,1.79%,1.73%,1.64%,1.49%,1.46%,1.68%,1.74%,1.23%,1.18%,1.56%,1.54%,1.53%,1.88%,1.52%,1.43%,0.91%,0.80%,0.44%,0.46%,0.79%,0.84%,0.66%,0.65%,0.95%
KY-Louisville Urban,31140,"1,581.80",1.22%,-0.27%,0.91%,0.31%,-0.42%,-0.37%,-0.86%,-0.24%,-0.43%,-1.02%,-0.42%,0.13%,-0.23%,-0.34%,-0.36%,-0.24%,-0.18%,-0.63%,-0.19%,0.10%,0.56%,0.73%,0.51%,0.48%,0.53%,0.36%,0.46%,0.47%,0.63%,0.48%,0.44%,0.46%,0.70%,0.52%,0.58%,0.88%,1.19%,1.03%,0.91%,0.77%,0.63%,0.73%,0.92%,0.47%,0.49%,0.47%,0.57%
VA-Richmond,40060,741.36,1.36%,0.40%,1.29%,0.89%,1.45%,1.81%,1.85%,1.01%,1.15%,0.74%,0.99%,0.73%,0.77%,0.78%,1.08%,1.39%,1.85%,1.79%,1.61%,1.83%,1.53%,1.83%,1.55%,1.39%,1.32%,1.23%,1.38%,1.31%,1.40%,1.26%,1.12%,1.27%,1.31%,1.57%,1.72%,1.96%,1.47%,1.26%,0.98%,0.78%,0.76%,1.15%,1.01%,1.03%,0.91%,0.96%,0.94%
VA-Richmond Suburban,40060,162.34,5.42%,-0.26%,2.99%,2.19%,4.13%,4.46%,7.34%,3.11%,2.86%,2.74%,1.86%,1.09%,0.82%,1.75%,2.33%,3.01%,3.67%,3.26%,3.33%,4.16%,2.25%,2.70%,2.34%,2.11%,2.74%,2.01%,1.91%,2.08%,2.23%,1.85%,1.55%,2.06%,2.00%,2.18%,2.22%,2.65%,1.73%,1.48%,0.94%,0.93%,0.68%,0.76%,0.88%,1.04%,0.83%,0.93%,1.28%
VA-Richmond Urban,40060,"2,131.02",-0.59%,0.74%,0.42%,0.21%,0.04%,0.36%,-1.29%,-0.30%,0.04%,-0.58%,0.39%,0.48%,0.74%,0.11%,0.20%,0.21%,0.49%,0.67%,0.26%,-0.06%,0.93%,1.08%,0.86%,0.76%,0.05%,0.50%,0.89%,0.58%,0.60%,0.69%,0.70%,0.49%,0.62%,0.95%,1.20%,1.23%,1.21%,1.02%,1.02%,0.61%,0.84%,1.57%,1.14%,1.02%,0.99%,0.99%,0.57%
LA-New Orleans,35380,548.7,1.51%,1.79%,0.84%,0.48%,1.18%,1.87%,1.24%,1.19%,1.21%,1.71%,1.15%,1.38%,0.77%,-0.06%,-0.04%,-0.19%,-1.48%,-1.28%,-1.02%,-0.92%,0.77%,0.93%,0.63%,0.62%,0.51%,0.07%,0.18%,0.15%,0.21%,0.07%,0.39%,0.75%,0.78%,0.92%,0.63%,-24.97%,5.40%,3.60%,2.82%,2.36%,1.53%,1.16%,1.08%,0.84%,0.95%,0.61%,0.36%
LA-New Orleans Suburban,35380,149.52,1.42%,3.01%,3.26%,1.97%,2.68%,3.59%,3.59%,4.54%,4.00%,4.28%,2.71%,3.41%,3.03%,2.22%,1.72%,1.85%,-0.09%,-0.10%,-0.20%,0.45%,1.71%,1.90%,1.95%,2.00%,1.85%,1.63%,1.62%,1.27%,1.06%,0.87%,1.32%,1.85%,1.69%,2.13%,1.93%,-11.90%,2.92%,1.85%,1.46%,1.67%,1.00%,1.00%,0.85%,1.03%,1.08%,0.86%,0.85%
LA-New Orleans Urban,35380,"1,746.25",1.53%,1.51%,0.28%,0.12%,0.82%,1.45%,0.64%,0.32%,0.46%,0.99%,0.70%,0.78%,0.09%,-0.77%,-0.61%,-0.86%,-1.95%,-1.69%,-1.31%,-1.40%,0.44%,0.58%,0.14%,0.10%,0.00%,-0.54%,-0.40%,-0.31%,-0.14%,-0.27%,0.00%,0.28%,0.38%,0.39%,0.05%,-30.96%,6.85%,4.59%,3.56%,2.74%,1.82%,1.25%,1.20%,0.74%,0.88%,0.47%,0.10%
CT-Hartford,25540,"1,403.33",0.89%,0.40%,0.07%,0.27%,-0.37%,-0.28%,-0.63%,0.55%,0.14%,0.52%,0.45%,0.15%,0.75%,0.58%,0.68%,1.00%,1.29%,1.33%,0.19%,0.15%,0.22%,-0.21%,0.05%,0.03%,-0.13%,0.17%,0.23%,0.47%,0.61%,0.84%,0.66%,0.91%,0.89%,0.27%,0.45%,0.49%,0.39%,0.50%,0.43%,0.39%,0.23%,-0.09%,0.07%,-0.14%,-0.18%,-0.24%,0.02%
CT-Hartford Suburban,25540,372.2,1.62%,4.37%,0.57%,1.16%,-0.38%,0.18%,-1.58%,3.73%,0.24%,0.74%,1.13%,0.89%,0.79%,0.89%,1.16%,1.16%,1.97%,2.09%,0.33%,0.87%,0.04%,0.06%,-0.07%,0.51%,0.47%,0.74%,1.04%,0.70%,1.05%,1.43%,1.51%,2.47%,1.99%,1.04%,0.65%,0.88%,0.51%,1.25%,0.49%,0.58%,-0.10%,-0.71%,-0.04%,-0.11%,-0.02%,-0.38%,0.21%
CT-Hartford Urban,25540,"1,918.90",0.81%,-0.04%,0.01%,0.17%,-0.37%,-0.33%,-0.52%,0.17%,0.13%,0.50%,0.37%,0.06%,0.75%,0.54%,0.62%,0.98%,1.20%,1.24%,0.17%,0.06%,0.24%,-0.25%,0.06%,-0.03%,-0.20%,0.09%,0.12%,0.45%,0.56%,0.76%,0.55%,0.69%,0.74%,0.16%,0.42%,0.43%,0.37%,0.40%,0.42%,0.36%,0.27%,0.00%,0.09%,-0.14%,-0.21%,-0.23%,-0.01%
UT-Salt Lake City,41620,697.75,3.10%,2.31%,2.67%,2.36%,2.83%,3.30%,2.98%,3.28%,3.29%,3.93%,2.88%,2.33%,2.28%,1.78%,1.11%,1.26%,0.82%,0.75%,0.57%,1.47%,2.87%,3.08%,3.04%,2.66%,2.09%,2.09%,2.28%,1.39%,1.31%,1.44%,1.22%,0.95%,0.86%,1.09%,1.55%,2.11%,1.89%,1.73%,1.76%,1.62%,1.47%,1.52%,1.53%,0.99%,1.24%,1.63%,1.44%
UT-Salt Lake City Suburban,41620,8.4,2.46%,1.69%,-0.75%,0.87%,4.24%,0.37%,2.46%,3.04%,3.05%,1.94%,2.69%,1.70%,0.30%,-0.45%,0.27%,-0.30%,-0.87%,-0.34%,-1.42%,0.30%,2.12%,2.08%,2.59%,3.52%,2.59%,3.36%,5.37%,6.97%,7.72%,9.03%,4.36%,3.85%,3.68%,2.66%,2.85%,4.52%,4.54%,3.88%,2.34%,2.24%,1.17%,1.02%,1.43%,1.33%,1.94%,3.13%,4.42%
UT-Salt Lake City Urban,41620,"1,387.10",3.13%,2.34%,2.83%,2.43%,2.77%,3.43%,3.00%,3.29%,3.30%,4.01%,2.89%,2.36%,2.37%,1.87%,1.15%,1.32%,0.89%,0.79%,0.65%,1.51%,2.89%,3.11%,3.05%,2.63%,2.07%,2.04%,2.17%,1.18%,1.05%,1.11%,1.08%,0.81%,0.72%,1.01%,1.48%,1.99%,1.75%,1.61%,1.72%,1.59%,1.49%,1.54%,1.54%,0.97%,1.20%,1.54%,1.27%
AL-Brimingham,13820,662.03,1.20%,0.84%,1.34%,0.72%,1.48%,1.40%,1.46%,1.17%,0.93%,0.30%,-0.02%,-0.43%,0.09%,0.47%,0.59%,0.49%,0.74%,0.27%,0.36%,0.45%,1.12%,1.09%,1.21%,1.14%,1.04%,0.87%,0.78%,0.88%,0.76%,0.56%,0.55%,0.37%,0.75%,0.68%,0.75%,1.15%,0.77%,0.89%,0.73%,0.31%,0.15%,0.26%,0.42%,0.26%,0.30%,0.21%,0.25%
AL-Brimingham Suburban,13820,294.12,2.98%,4.64%,2.73%,2.63%,2.59%,1.99%,2.87%,1.90%,1.72%,0.71%,0.13%,-0.17%,0.29%,1.28%,1.26%,1.03%,0.97%,0.27%,0.81%,0.94%,1.61%,1.44%,1.82%,1.52%,2.30%,2.13%,2.06%,1.95%,2.08%,1.03%,1.19%,0.78%,0.87%,1.09%,1.28%,1.68%,1.71%,1.29%,0.76%,0.22%,0.02%,0.05%,0.23%,-0.05%,0.05%,0.19%,0.34%
AL-Brimingham Urban,13820,"1,581.80",0.81%,-0.01%,1.01%,0.26%,1.20%,1.26%,1.10%,0.98%,0.72%,0.19%,-0.07%,-0.50%,0.04%,0.25%,0.42%,0.34%,0.68%,0.27%,0.23%,0.31%,0.99%,0.99%,1.04%,1.03%,0.69%,0.51%,0.41%,0.57%,0.37%,0.42%,0.35%,0.24%,0.71%,0.56%,0.59%,0.98%,0.47%,0.76%,0.72%,0.34%,0.19%,0.33%,0.48%,0.36%,0.38%,0.21%,0.23%
NY-Buffalo,15380,647.9,0.33%,-0.53%,-1.02%,-1.14%,-0.43%,-0.75%,-1.02%,-1.06%,-0.98%,-1.73%,-0.72%,-0.74%,-1.07%,-1.07%,-0.47%,-0.61%,-0.41%,0.12%,0.40%,0.42%,0.34%,0.29%,0.19%,-0.02%,-0.22%,-0.31%,-0.67%,-0.65%,-0.45%,-0.34%,-0.34%,-0.29%,-0.15%,-0.33%,-0.65%,-0.60%,-0.35%,-0.12%,-0.09%,0.03%,0.03%,-0.03%,0.11%,0.08%,-0.11%,-0.15%,0.17%
NY-Buffalo Suburban,15380,647.9,0.33%,-0.53%,-1.02%,-1.14%,-0.43%,-0.75%,-1.02%,-1.06%,-0.98%,-1.73%,-0.72%,-0.74%,-1.07%,-1.07%,-0.47%,-0.61%,-0.41%,0.12%,0.40%,0.42%,0.34%,0.29%,0.19%,-0.02%,-0.22%,-0.31%,-0.67%,-0.65%,-0.45%,-0.34%,-0.34%,-0.29%,-0.15%,-0.33%,-0.65%,-0.60%,-0.35%,-0.12%,-0.09%,0.03%,0.03%,-0.03%,0.11%,0.08%,-0.11%,-0.15%,0.17%
NY-Buffalo Urban,15380,0,,,,,,,,,,,,,,,,,,,,,,,,,,,,,,,,,,,,,,,,,,,,,,,
NY-Rochester,40380,796.57,0.57%,0.27%,0.03%,-0.21%,0.72%,0.10%,0.23%,-0.39%,0.05%,-0.16%,0.37%,0.57%,0.30%,-0.42%,-0.01%,0.06%,-0.02%,0.67%,0.98%,0.80%,0.81%,1.13%,0.69%,0.20%,0.05%,0.17%,0.03%,-0.02%,0.05%,0.58%,0.16%,0.20%,0.15%,0.05%,-0.19%,0.00%,0.16%,0.30%,0.25%,0.22%,0.18%,0.05%,0.09%,-0.09%,-0.22%,-0.19%,-0.04%
NY-Rochester Suburban,40380,168.1,2.01%,1.14%,1.16%,0.43%,1.41%,0.56%,0.75%,0.55%,0.34%,-0.61%,0.21%,0.64%,0.62%,0.67%,0.47%,0.50%,1.01%,0.98%,1.37%,1.24%,0.89%,1.49%,0.64%,0.57%,0.33%,0.32%,0.01%,-0.11%,0.33%,0.37%,0.35%,0.30%,0.43%,0.56%,0.26%,0.11%,0.34%,0.54%,0.15%,0.30%,-0.03%,-0.15%,0.03%,-0.06%,-0.25%,-0.17%,-0.19%
NY-Rochester Urban,40380,"2,053.50",0.23%,0.06%,-0.25%,-0.37%,0.54%,-0.01%,0.09%,-0.63%,-0.02%,-0.05%,0.42%,0.55%,0.21%,-0.70%,-0.14%,-0.05%,-0.30%,0.58%,0.88%,0.68%,0.79%,1.03%,0.71%,0.10%,-0.02%,0.12%,0.04%,0.00%,-0.03%,0.64%,0.11%,0.17%,0.07%,-0.09%,-0.32%,-0.04%,0.10%,0.24%,0.27%,0.19%,0.25%,0.10%,0.11%,-0.10%,-0.21%,-0.19%,0.01%
MI-Grand Rapids,24340,412.73,0.48%,0.98%,1.78%,0.80%,0.81%,0.91%,1.31%,1.42%,1.92%,1.81%,0.97%,0.30%,0.43%,1.45%,1.54%,1.39%,1.75%,2.09%,1.61%,1.71%,1.91%,1.57%,1.51%,1.65%,1.79%,1.77%,1.59%,1.40%,1.56%,1.47%,1.11%,0.81%,0.74%,0.61%,0.58%,0.61%,0.52%,0.30%,0.28%,0.22%,0.78%,1.05%,1.14%,1.04%,0.90%,0.94%,0.98%
MI-Grand Rapids Suburban,24340,412.73,0.48%,0.98%,1.78%,0.80%,0.81%,0.91%,1.31%,1.42%,1.92%,1.81%,0.97%,0.30%,0.43%,1.45%,1.54%,1.39%,1.75%,2.09%,1.61%,1.71%,1.91%,1.57%,1.51%,1.65%,1.79%,1.77%,1.59%,1.40%,1.56%,1.47%,1.11%,0.81%,0.74%,0.61%,0.58%,0.61%,0.52%,0.30%,0.28%,0.22%,0.78%,1.05%,1.14%,1.04%,0.90%,0.94%,0.98%
MI-Grand Rapids Urban,24340,0,,,,,,,,,,,,,,,,,,,,,,,,,,,,,,,,,,,,,,,,,,,,,,,
AZ-Tucson,46060,106.7,6.40%,7.17%,5.16%,3.54%,3.60%,2.58%,2.52%,2.94%,5.15%,2.41%,3.11%,2.78%,2.50%,1.70%,1.78%,3.14%,3.03%,2.55%,1.14%,0.70%,1.64%,2.69%,3.08%,3.55%,3.10%,2.01%,1.89%,1.86%,1.91%,2.31%,1.33%,1.74%,1.33%,1.74%,2.10%,2.24%,1.59%,1.25%,0.81%,0.61%,0.59%,0.43%,0.33%,0.62%,0.44%,0.72%,1.01%
AZ-Tucson Suburban,46060,106.7,6.40%,7.17%,5.16%,3.54%,3.60%,2.58%,2.52%,2.94%,5.15%,2.41%,3.11%,2.78%,2.50%,1.70%,1.78%,3.14%,3.03%,2.55%,1.14%,0.70%,1.64%,2.69%,3.08%,3.55%,3.10%,2.01%,1.89%,1.86%,1.91%,2.31%,1.33%,1.74%,1.33%,1.74%,2.10%,2.24%,1.59%,1.25%,0.81%,0.61%,0.59%,0.43%,0.33%,0.62%,0.44%,0.72%,1.01%
AZ-Tucson Urban,46060,0,,,,,,,,,,,,,,,,,,,,,,,,,,,,,,,,,,,,,,,,,,,,,,,
